-- phpMyAdmin SQL Dump
-- version 4.0.10.12
-- http://www.phpmyadmin.net
--
-- Host: 127.13.156.2:3306
-- Generation Time: Jun 16, 2017 at 01:06 AM
-- Server version: 5.5.52
-- PHP Version: 5.3.3

SET SQL_MODE = "NO_AUTO_VALUE_ON_ZERO";
SET time_zone = "+00:00";


/*!40101 SET @OLD_CHARACTER_SET_CLIENT=@@CHARACTER_SET_CLIENT */;
/*!40101 SET @OLD_CHARACTER_SET_RESULTS=@@CHARACTER_SET_RESULTS */;
/*!40101 SET @OLD_COLLATION_CONNECTION=@@COLLATION_CONNECTION */;
/*!40101 SET NAMES utf8 */;

--
-- Database: `racers`
--
CREATE DATABASE IF NOT EXISTS `racers` DEFAULT CHARACTER SET utf8 COLLATE utf8_general_ci;
USE `racers`;

-- --------------------------------------------------------

--
-- Table structure for table `abilities`
--

DROP TABLE IF EXISTS `abilities`;
CREATE TABLE IF NOT EXISTS `abilities` (
  `id` int(100) unsigned NOT NULL AUTO_INCREMENT,
  `ability` varchar(255) DEFAULT NULL,
  `type` varchar(255) DEFAULT NULL,
  `description` longtext,
  PRIMARY KEY (`id`),
  UNIQUE KEY `abilities_ability_unique` (`ability`)
) ENGINE=InnoDB  DEFAULT CHARSET=latin1 AUTO_INCREMENT=45 ;

--
-- Truncate table before insert `abilities`
--

TRUNCATE TABLE `abilities`;
--
-- Dumping data for table `abilities`
--

INSERT INTO `abilities` VALUES
(1, 'Best Course', 'positive', 'Does better if it runs a course it likes'),
(2, 'Close Race Not OK ', 'negative', 'Performs poorly in close races'),
(3, 'Close Race OK', 'positive', 'Excels in close races'),
(4, 'Closer', 'positive', 'Races well when overtaking horses around the final corner'),
(5, 'Delicate', 'negative', 'Easily upset by bumping'),
(6, 'Dust Not OK', 'negative', 'Does not do well with dust'),
(7, 'Fast Pace Not OK', 'negative', 'Races worse the faster the pace'),
(8, 'Fast Pace OK', 'positive', 'Races better in faster paced races'),
(9, 'Free', 'positive', 'Races well even when out of position'),
(10, 'From Outside', 'positive', 'Gives an impressive burst on the outside after staying towards the back during the race'),
(11, 'Front Runner', 'positive', 'Races well when leading the pack by a large margin. Only for front running horses'),
(12, 'Grit', 'positive', 'Excels going head-to-head with another horse to the finish line'),
(13, 'Hates Pack', 'negative', 'Upset when caught in a crowd'),
(14, 'Inflexible', 'negative', 'Cannot race out of position'),
(15, 'Instant Response', 'positive', 'Reacts quickly to the jockey'),
(16, 'Last Corner Leader', 'positive', 'Performs well after taking lead around the last corner'),
(17, 'Last to First', 'positive', 'Explodes in the stretch when trailing through the race'),
(18, 'Likes Pack', 'positive', 'Comfortable running in a pack'),
(19, 'Loses Will', 'negative', 'Easily distracted after taking lead around the last corner'),
(20, 'Pace Down', 'positive', 'Pace slower is okay'),
(21, 'Pack Split', 'positive', 'Okay if pack splits'),
(22, 'Persistency', 'positive', 'Keeps going'),
(23, 'Rough Track Not OK', 'negative', 'Races poorly in rough track conditions'),
(24, 'Rough Track OK', 'positive', 'Performs well even in rough track conditions'),
(25, 'Second Wind', 'positive', 'When leading the pack all race long, further separates from the pack in the final stretch'),
(26, 'Slow OK', 'positive', 'Races better in slower races'),
(27, 'Slow Pace Not OK', 'negative', 'Races poorly in slower races'),
(28, 'Slow Start', 'negative', 'Slow at the beginning of the race'),
(29, 'Solo Runner', 'positive', 'Performs well when more than two lengths in the lead'),
(30, 'Spurt', 'positive', 'Excels when spurting from the back of the pack to '),
(31, 'Start Dash', 'positive', 'Starts well at the beginning of the race'),
(32, 'Stretch Burst', 'positive', 'Shows a tremendous burst of speed to the finish line'),
(33, 'Strong Heart', 'positive', 'Whip gauge falls slower than other horses in the stretch if the horse still has stamina'),
(34, 'Stubborn', 'negative', 'Sprints uncontrollably when spooked'),
(35, 'Tough', 'positive', 'Unfazed by bumping'),
(36, 'Whip', 'positive', 'Accelerates faster than usual when whipped at the start of the race'),
(37, 'Bears', 'negative', 'Bears right and left when stamina runs out'),
(44, 'Unknown', 'Unknown', 'Unknown');

-- --------------------------------------------------------

--
-- Table structure for table `domain_values`
--

DROP TABLE IF EXISTS `domain_values`;
CREATE TABLE IF NOT EXISTS `domain_values` (
  `domain` varchar(255) DEFAULT NULL,
  `id` int(100) unsigned NOT NULL AUTO_INCREMENT,
  `value` varchar(255) DEFAULT NULL,
  `description` longtext,
  PRIMARY KEY (`id`)
) ENGINE=InnoDB  DEFAULT CHARSET=latin1 AUTO_INCREMENT=70 ;

--
-- Truncate table before insert `domain_values`
--

TRUNCATE TABLE `domain_values`;
--
-- Dumping data for table `domain_values`
--

INSERT INTO `domain_values` VALUES
('GRADE', 1, 'OL', 'Open Level'),
('GRADE', 2, 'GIII', 'Grade III'),
('GRADE', 3, 'GII', 'Grade II'),
('GRADE', 4, 'GI', 'Grade I'),
('LEG_TYPE', 5, 'Closer', 'This type of horse often drops to the back of the field and trails the field throughout the race, until it lets loose an explosive turn of foot. These horses will often look to be hopelessly beaten, then suddenly turn it on in the middle or deep stretch and charge down the track hellbent for the finish line. They can often overwhelm horses that ran near the pace and repel challenges from other closers.'),
('LEG_TYPE', 6, 'Follower', 'This type of horse is often found in the middle of the pack, happily running along and bumping into its fellows without a care in the world. They’re content to run five or more lengths off the leaders and make their moves near the middle of the stretch and can sometimes simply overwhelm a tiring leader or kick back a challenging closer. They are similar to closers, but run closer to the stalkers and leaders.'),
('LEG_TYPE', 7, 'Front Runner', 'This type of horse loves the lead and loves to run uncontested at the front of the pack. Often these horses hate the idea of other horses bumping or pushing them in the middle of the pack and will run away at the start to lead the rest of the field on a merry chase. These horses may or may not be able to hold off closers – more often they can fold under pressure.'),
('LEG_TYPE', 8, 'Stalker', 'This type of horse is usually only a few lengths off the pace and tracking the leaders through each turn. These horses will bide their time then throw in a big move near the top or middle of a stretch, wearing down the leader to take over the top spot and hold on for the wire. Much like front runners, they may or may not be able to fend off the challengers of deep closers.'),
('SEX', 9, 'Gelding', 'Unaltered male horse'),
('SEX', 10, 'Stallion', 'Unaltered male horse'),
('SEX', 11, 'Mare', 'Unaltered female horse'),
('SURFACE_PREF', 12, 'Okay', ''),
('SURFACE_PREF', 13, 'Good', ''),
('SURFACE_PREF', 14, 'Great', ''),
('NECK_HEIGHT', 15, 'Normal', ''),
('NECK_HEIGHT', 16, 'High', ''),
('RUN_STYLE', 17, 'Normal', ''),
('RUN_STYLE', 18, 'Leg Lift', ''),
('BANDAGES', 19, 'Both', ''),
('BANDAGES', 20, 'Front', ''),
('BANDAGES', 21, 'None', ''),
('BANDAGES', 22, 'Back', ''),
('HOOD', 23, 'Yes', ''),
('HOOD', 24, 'No', ''),
('SHADOW_ROLL', 25, 'No', ''),
('SHADOW_ROLL', 26, 'Yes', ''),
('RACE_SERIES', 29, 'MSW', 'Maiden Special Weight'),
('RACE_SERIES', 30, 'AOC/NW', 'AOC/NW'),
('RACE_SERIES', 31, 'BC', 'Breeder''s Cup'),
('RACE_SERIES', 33, 'DWC', 'Dubai World Cup Series'),
('RACE_SERIES', 34, 'WT:C', 'World Tour: Canada'),
('RACE_SERIES', 35, 'WT:UAE', 'World Tour: United Arab Emirates'),
('RACE_SERIES', 36, 'F', 'Fillies Only'),
('GRADE', 37, 'All', 'All'),
('RACE_SERIES', 38, 'TC', 'Triple Crown'),
('RACE_SERIES', 39, 'TT', 'Triple Tiara'),
('SURFACE', 41, 'Dirt', ''),
('SURFACE', 42, 'Turf', ''),
('UNKNOWN', 44, 'Unknown', 'Unknown'),
('BREEDING_STATUS', 45, 'Available', 'This horse is available for breeding requests.'),
('BREEDING_STATUS', 46, 'Unavailable', 'This horse is NOT available for breeding requests.'),
('RACE_SERIES', 47, 'C', 'Colts Only'),
('RACE_SERIES', 48, 'MGC', 'Massachusetts Gaming Commission'),
('RACE_SERIES', 50, 'LC', 'Ladies Classic'),
('RACE_SERIES', 53, 'MGC', 'Maxxam Gold Cup'),
('RACE_SERIES', 57, 'ME', 'March Endurance'),
('RACE_SERIES', 58, 'SH', 'Sam Houston'),
('BREEDING_STATUS', 59, 'Available with Permission', 'This horse is available for breeding requests with hexer or breeder permission.'),
('RACE_SERIES', 60, 'WT:US', 'World Tour: United States'),
('WEATHER', 61, 'Rainy', 'Rainy'),
('WEATHER', 62, 'Sunny', 'Sunny'),
('WEATHER', 63, 'Cloudy', 'Cloudy'),
('RACE_SERIES', 64, 'WT:UK', 'World Tour: United Kingdom'),
('RACE_SERIES', 65, 'WT:IL', 'World Tour: Ireland'),
('RACE_SERIES', 66, 'WT:JP', 'World Tour: Japan'),
('RACE_SERIES', 67, 'WT:CH', 'World Tour: China'),
('RACE_SERIES', 68, 'WT:ANZ', 'World Tour: Australia/New Zealand'),
('RACE_SERIES', 69, 'WT:RIO', 'World Tour: Rio de Janiero');

-- --------------------------------------------------------

--
-- Table structure for table `horses`
--

DROP TABLE IF EXISTS `horses`;
CREATE TABLE IF NOT EXISTS `horses` (
  `id` int(100) unsigned NOT NULL AUTO_INCREMENT,
  `call_name` varchar(255) NOT NULL,
  `registered_name` varchar(255) DEFAULT NULL,
  `sex` int(100) unsigned NOT NULL DEFAULT '44',
  `color` varchar(255) DEFAULT NULL,
  `phenotype` varchar(255) DEFAULT NULL,
  `breeding_status` int(100) unsigned DEFAULT NULL,
  `grade` int(100) unsigned DEFAULT NULL,
  `leg_type` int(100) unsigned DEFAULT NULL,
  `owner` int(100) unsigned NOT NULL DEFAULT '44',
  `breeder` int(100) unsigned DEFAULT '44',
  `hexer` int(100) unsigned DEFAULT '44',
  `speed` int(5) DEFAULT NULL,
  `staying` int(5) DEFAULT NULL,
  `stamina` int(5) DEFAULT NULL,
  `breaking` int(5) DEFAULT NULL,
  `power` int(5) DEFAULT NULL,
  `feel` int(5) DEFAULT NULL,
  `fierce` int(5) DEFAULT NULL,
  `tenacity` int(5) DEFAULT NULL,
  `courage` int(5) DEFAULT NULL,
  `response` int(5) DEFAULT NULL,
  `pos_ability_1` int(100) unsigned DEFAULT '44',
  `pos_ability_2` int(100) unsigned DEFAULT '44',
  `neg_ability_1` int(100) unsigned DEFAULT '44',
  `distance_min` decimal(8,1) DEFAULT NULL,
  `distance_max` decimal(8,1) DEFAULT NULL,
  `surface_dirt` int(100) unsigned DEFAULT '44',
  `surface_turf` int(100) unsigned DEFAULT '44',
  `bandages` int(100) unsigned DEFAULT '44',
  `neck_height` int(100) unsigned DEFAULT '44',
  `run_style` int(100) unsigned DEFAULT '44',
  `hood` int(100) unsigned DEFAULT '44',
  `shadow_roll` int(100) unsigned DEFAULT '44',
  `notes` longtext,
  `stall_path` varchar(255) DEFAULT NULL,
  `stall_img` varchar(255) DEFAULT NULL,
  `racing_img` varchar(255) DEFAULT NULL,
  PRIMARY KEY (`id`),
  KEY `horses_sex_foreign` (`sex`),
  KEY `horses_grade_foreign` (`grade`),
  KEY `horses_leg_type_foreign` (`leg_type`),
  KEY `horses_owner_foreign` (`owner`),
  KEY `horses_breeder_foreign` (`breeder`),
  KEY `horses_hexer_foreign` (`hexer`),
  KEY `horses_pos_ability_1_foreign` (`pos_ability_1`),
  KEY `horses_pos_ability_2_foreign` (`pos_ability_2`),
  KEY `horses_neg_ability_1_foreign` (`neg_ability_1`),
  KEY `horses_surface_dirt_foreign` (`surface_dirt`),
  KEY `horses_surface_turf_foreign` (`surface_turf`),
  KEY `horses_bandages_foreign` (`bandages`),
  KEY `horses_neck_height_foreign` (`neck_height`),
  KEY `horses_run_style_foreign` (`run_style`),
  KEY `horses_hood_foreign` (`hood`),
  KEY `horses_shadow_roll_foreign` (`shadow_roll`),
  KEY `breeding_status` (`breeding_status`)
) ENGINE=InnoDB  DEFAULT CHARSET=latin1 AUTO_INCREMENT=282 ;

--
-- Truncate table before insert `horses`
--

TRUNCATE TABLE `horses`;
--
-- Dumping data for table `horses`
--

INSERT INTO `horses` VALUES
(1, 'Riparian', 'Lessons Learned', 10, 'Black', 'EE', 59, 4, 7, 1, 2, 2, 87, 80, 86, 76, 77, 74, 75, 79, 77, 77, 11, 25, 34, '8.0', '12.0', 13, 13, 22, 15, 17, 23, 26, '', '', '/img/stall-pics/Riparian.png', 'http://shashka-idirae.rhcloud.com/img/racing-form/riparian.png'),
(2, 'American Pharoah', 'Divine Right', 10, 'Bay', 'EeAa', 45, 3, 7, 1, 44, 3, 81, 76, 77, 73, 74, 75, 77, 77, 75, 77, 25, 16, 6, '8.0', '12.0', 14, 12, 19, 15, 17, 24, 26, 'ATTENTION: Neco is handling as of 28Feb16. Racing form not guaranteed be current until handling period is over.', '', '/img/stall-pics/American-Pharoah.png', 'http://shashka-idirae.rhcloud.com/img/racing-form/american-pharoah.png'),
(3, 'Sovenance', 'A Kinder Reminiscence', 11, 'Bay', 'EeAA', 59, 3, 5, 1, 2, 2, 76, 73, 80, 70, 72, 71, 73, 69, 70, 73, 4, 32, 28, '8.0', '12.0', 14, 12, 19, 15, 17, 24, 26, 'Entered Races      \r\n\r\n1st\r\nSun and Stars Handicap- 9F - Turf- 1st, +5 Breaking\r\nRGS Labyrinth Stakes 10f Dirt- Open Level - 1st, +5 Power\r\nSupercell Handicap - 9.5F Dirt Open Level - 1st, +5 Breaking\r\n\r\n\r\n2nd\r\nDanse Russe Stakes - 12F Dirt GIII - 2nd, +4 Fierce\r\nBelmont Stakes - 12F Dirt - All Levels - 2nd, +6 Stamina    \r\n\r\n3rd\r\nGazelle Stakes - 9F Dirt Kentucky Oaks Prep - 3rd, +3 Stamina  (2015)\r\nPimlico Special - 9.5F Dirt GIII - 3rd, +3 Staying\r\n\r\n4th\r\nApril 2 Maiden Special Weight - 9F - Dirt - 4th, +2 Speed\r\nBlood Horse Handicap - 9F Dirt Open Level - 4th, +2 Power\r\nCounting Stars Handicap - 12F Turf Open Level - 4th, +2 Staying \r\n\r\n5th\r\nApril 7 - 8f Turf - Open Level -5th, +1 Stamina\r\nMockingbird Handicap - 5th, +1 Fierce\r\nWhitechapel Handicap - 11.5F Dirt GIII - 5th, +1 Stamina\r\nBlack-Eyed Susan Stakes - 9F Dirt - Fillies - 5th, +3 Speed (2015)\r\nAcorn Stakes - 8F All Level Fillies - 5th, +3 Power (2015)\r\n\r\nOther/Not Completed\r\nApr. 7th Allowance, 3 or less wins - 12f Dirt - 12th, +1 Fierce\r\nWood Memorial - 9F Dirt Kentucky Derby Prep - 6th, +1 Tenacity (2015)\r\nNo Way Out Handicap - 10.5F Dirt GIII - 6th, +1 Courage\r\nKentucky Oaks - 9F Dirt RESTRICTED - 12th, +1 Speed, +1 Breaking (2015)\r\nSummer Syllables Stakes - 9F Turf GIII - 12th, 1+ Stamina\r\nPreakness Stakes - 9.5F Dirt - All Levels - 8th, +1 Stamina, +1 Feel (2015)\r\nMiracle Mile Stakes - 8F Turf GIII -11th, +1 Courage\r\n\r\n###\r\nAnansi Boys Stakes - 8F Dirt GII ONLY - 4th\r\nSmall Favour Stakes - 9F Dirt GII ONLY - 8th\r\nRuffian Handicap - 8F Dirt GII FILLIES ONLY - 3rd\r\nGallorette Handicap - 8F Dirt GII FILLIES ONLY - 3rd\r\nTapit Handicap - 9F Dirt GII ONLY - 3rd', '', '/img/stall-pics/Sovenance.png', 'http://shashka-idirae.rhcloud.com/img/racing-form/sovenance.png'),
(4, 'Trickery', 'Beneath Still Waters', 10, 'Bay', 'EeAA', 46, 1, 5, 1, 4, 4, 67, 62, 71, 62, 61, 62, 62, 62, 61, 63, 32, 15, 34, '7.0', '10.0', 13, 13, 19, 15, 17, 24, 26, 'Anywhere Stakes-8f-Turf-OL - 9th\r\nBlue Foot Stakes 9f TF OL - 8th\r\nApril 14 NW x 2/Optional Claiming - 9F Turf AOC - 8\r\nBewitched Handicap - 8F Dirt OL - 8th\r\nSunland Handicap - 9.5F Dirt OL - 5th\r\nPeace Talks Stakes - 9F Turf OL - 7th\r\nCedar Key Handicap - 9F Turf OL - 4th\r\nSingles Party Stakes - 10F Turf OL - 5th\r\nLazaro Barrera Stakes - 7F Dirt OL - 4th\r\n####\r\nCommentator Stakes - 8F Dirt OL - 11th\r\nMount Vernon Stakes - 8F Turf OL - 6th\r\nMountainview Handicap - 9F Dirt OL - 6th\r\nBon Voyage Stakes - 8F Turf OL - 4th', '', '/img/stall-pics/Trickery.png', 'http://shashka-idirae.rhcloud.com/img/racing-form/trickery.png'),
(13, 'Ziio', 'Kaniehtí:io', 11, 'Grey Buckskin', '', 46, 2, 6, 4, 2, 2, 66, 66, 55, 60, 55, 55, 55, 55, 61, 62, 10, 30, 5, '6.0', '10.0', 13, 13, 20, 15, 17, 23, 26, '', 'Http://seeingstars.boards.net/thread/2009', '', ''),
(19, 'Antebellum', 'Southern Belle', 11, '', '', 59, 3, 8, 1, 2, 2, 82, 74, 75, 77, 72, 71, 72, 72, 75, 76, 32, 22, 14, '8.0', '12.0', 13, 13, 19, 15, 17, 23, 26, 'ATTENTION: Neco is handling as of 28Feb16. Racing form not guaranteed be current until handling period is over.\r\n\r\nBlueBird Handicap 12F Turf - 1st, +5 Power    \r\nGentildonna Handicap - 10F Turf BC - 7th, +1 Stamina', '', '/img/stall-pics/Antebellum.png', 'http://shashka-idirae.rhcloud.com/img/racing-form/antebellum.png'),
(20, 'Manu', 'Pouring Smoke and Rain', 10, 'Chestnut', '', 45, 3, 7, 1, 1, 1, 81, 70, 82, 68, 69, 67, 69, 64, 66, 67, 25, 11, 13, '6.0', '10.0', 13, 13, 19, 16, 18, 23, 26, 'RETIRED\r\n\r\n2nd\r\nSomething Wicked Stakes - 7F Turf GIII - 2nd +4 Power\r\n\r\n3rd\r\nNov 20 Maiden Special Weight, 7 Furlongs Dirt - Open Level Maidens 3rd, 3 pts to Speed\r\nNon Winners of 3 Nov 20 Allowance, 8 Furlongs Dirt - Open Level 3rd, 3 pts to Stamina\r\nSweeps Sprint Stakes, 7 Furlongs Dirt - Open Level 3rd, 3 pts to Speed\r\nFounding Fathers Handicap, 10 Furlongs Dirt - Open Level 3rd, 3 pts to Stamina\r\nTurkey Day Sprint Stakes, 6 Furlongs Turf - Open Level 3rd, 3 pts to Stamina\r\nSnowed In Stakes, 7 Furlongs Dirt - Open Level 3rd, 3 pts to Speed.\r\nFlash Flood Handicap - 10F Turf Grade III - 3rd, +3 Courage\r\n\r\n4th\r\nJolly Roger Handicap, 9 Furlongs Turf - Open Level 4th, 2 pts to Stamina\r\nSnow Way Sprint Stakes, 7 Furlongs Turf - Grade III 4th, +2 Fierce\r\n\r\n5th\r\n\r\nOldivai Ridge Stakes - 7F - Dirt - GII - 5th, +1 Breaking\r\nThunder Shocks Sprint Stakes - 6F Dirt Grade III - 5th, +1 Breaking\r\nSights &amp; Sounds Stakes - 6F Turf GIII - 5th, +1 Response\r\nFurlong Showdown Sprint Stakes - 6F Dirt GIII - 5th, +1 Response\r\nMay Sweeps Sprint Stakes - 6F Dirt GIII - 5th, +1 Speed\r\nAfleet Express Stakes - 8F Dirt GII - 5th, +1 Staying\r\n\r\nOther/Not Completed\r\nRebel Stakes, 8.5F Dirt - Kentucky Derby Prep! 5th, +1 Speed\r\nBlack Hills Handicap, 15 Furlongs Turf - Grade III 6th, 1 pt for response and 1 pt for power.\r\nHoliday Rumble Stakes, 12 Furlongs Turf - Open Level 8th, 1 point Stamina + 1 pt Breaking\r\n\r\n####\r\nKingfisher Run 7f TF GII only - 4th\r\nAnansi Boys Stakes - 8F Dirt GII ONLY - 3rd\r\nSmall Favour Stakes - 9F Dirt GII ONLY - 6th', '', '/img/stall-pics/Manu.png', 'http://shashka-idirae.rhcloud.com/img/racing-form/manu.png'),
(21, 'Savarni', 'Without the Sun', 10, 'Gray', '', 45, 3, 8, 1, 1, 1, 75, 63, 75, 64, 67, 63, 67, 64, 69, 65, 32, 25, 13, '5.0', '9.0', 13, 13, 19, 15, 17, 23, 26, 'May 18 Maiden Special Weight - 8F Dirt OL - 3rd, +3 Speed \r\nMiesque Memorial Stakes - 8F Turf - 4th, +2 Fierce\r\nStar Crossed Stakes - 6F Dirt GIII - 5th, +1 Staying            \r\nAcoustic Handicap - 6F Turf GIII - 5th, +1 Staying       \r\nDerby Hangover Sprint Stakes - 6F Dirt OL - 6th, +1 Staying        \r\nMay 18 NW x 2 / Optional Claiming - 9F Turf AOC - 6th, +1 Feel         \r\nMay 20 Maiden Special Weight - 9F Turf OL - 6th, +1 Fierce         \r\nThunderstruck Handicap - 7F Turf Open Level - 10th, +1 Tenacity \r\nMay Sweeps Sprint Stakes - 6F Dirt GIII - 6th, +1 Feel         \r\nMiracle Mile Stakes - 8F Turf GIII - 7th, +1 Courage\r\nSurf and Turf Stakes - 6F Turf GIII - 7th, +1 Courage\r\nEasy Going Stakes - 6F Dirt GIII - 12th, +1 Fierce\r\n########\r\nThunder Kiss Handicap - 8F Dirt GIII ONLY - 10th\r\nKaptain Khaos Handicap - 9F Turf GIII ONLY - 2nd\r\nAmerican Gods Handicap - 9F Dirt GIII ONLY - 8th\r\nStorm Front Stakes - 8F Dirt GIII ONLY - 5th\r\nVagrancy Handicap - 7F Dirt GIII - 10th\r\nMaryland Sprint Handicap - 7F Dirt GIII ONLY - 8th', '', '/img/stall-pics/Savarni.png', 'http://shashka-idirae.rhcloud.com/img/racing-form/savarni.png'),
(23, 'Longevity', 'Love the Quiet Life', 10, '', '', 46, 1, 6, 1, 21, 21, 70, 64, 60, 60, 60, 60, 59, 60, 63, 62, 36, 15, 28, '10.0', '14.0', 14, 12, 19, 16, 18, 23, 26, 'Steffler Trophy Maiden Run 10.5f DT OL - 2nd\r\nShiver and Shake Stakes - 10F Dirt OL - 8th\r\nFearless Fight Maiden 10f TF OL - 2nd\r\nHummingbird Maiden 11.5f Tf OL - 2nd\r\nDead Beat Handicap - 12F Dirt OL - 5th\r\nMay 28 Maiden Special Weight - 10F Turf OL - 7th', '', '/img/stall-pics/Longevity.png', 'http://shashka-idirae.rhcloud.com/img/racing-form/longevity.png'),
(24, 'Leise', 'Always the Quiet Ones', 11, '', '', 59, 2, 5, 1, 44, 13, 69, 66, 68, 63, 66, 63, 63, 61, 62, 63, 22, 30, 37, '12.0', '16.0', 13, 13, 19, 15, 17, 23, 26, '2nd\r\n[World Tour Ireland] Kildare Handicap - 12F Turf OL - 2nd, +4 Staying\r\n\r\n3rd\r\nJohnny Boy Stakes 12F Dt - 3rd, +3 Feel\r\n\r\n4th\r\nNo Turning Back Handicap - 12F Turf Open Level - 4th, +2 Staying\r\n[WT Canada] Breeders&#039; Stakes - 12F Turf OL - 4th, +2 Stamina\r\nSavannah Handicap 15F Tf - 4th, +2 Stamina\r\n\r\n5th\r\nSeeing Stars Gold Cup - 15F Turf OL - 5th, +1 Speed\r\nSyrian Handicap 12F Turf - 5th, +1 Tenacity\r\nJurassic World Stakes 12F Turf - 5th, +1 Speed\r\nLos Santos Stakes 15F Turf - 5th, +1 Courage\r\nLong Way From Home Stakes - 15F Turf GIII - 5th, +1 Tenacity\r\n\r\nOther/Not Completed\r\nThe Beast Below Handicap - 12F Dirt Open Level - 8th, +1 Stamina\r\nAtelier Dreams Stakes - 15F Turf Open Level - 6th, +1 Speed\r\n[World Tour: Canada] Final Burst Handicap 16F Turf - 6th, +2 Fierce\r\n[World Tour: Canada] Tim Horton Stakes 12F Turf - 7th, +1 Breaking\r\nHorse and Sword Handicap - 15F Turf GIII - 7th, +1 Courage\r\n####\r\nCity of Bones Handicap-15f-Turf-GIII\r\nLeviathan Drop Run 12f Turf GIII Only', '', '/img/stall-pics/Leise.png', 'http://shashka-idirae.rhcloud.com/img/racing-form/leise.png'),
(25, 'Zippa', 'Buzzin&#039; By', 11, 'Bay', '', 59, 2, 6, 1, 44, 2, 73, 68, 69, 60, 67, 62, 61, 58, 60, 63, 15, 12, 37, '7.5', '9.5', 13, 13, 19, 15, 17, 24, 25, 'Entered Races      \r\n1st\r\n...\r\n\r\n2nd\r\nApril 17 Maiden Special Weight - 9F Turf OL - 2nd, +4 Speed\r\nRGS Rainy Days Maiden 8F Dirt - 2nd, +4 Staying\r\nMay 5 Maiden Special Weight - 9F Turf Open Level - 2nd, +4 Breaking\r\nWarbler Handicap 9F Dirt - 2nd, +4 Staying\r\n[World Tour: Canada] WOODBINE RACETRACK 8F Dirt OPEN - 2nd, +4 Power\r\n\r\n3rd\r\nMay 3 NW x 2 / Optional Claiming - 7F Dirt AOC - 3rd, +3 Staying\r\nMay 18 NW x 2 / Optional Claiming - 9F Turf AOC - 3rd, +3 Fierce     \r\n\r\n4th\r\nApril 6 Maiden Special Weight - 8F Dirt OL - 4th, +2 Speed\r\nApril 6 NW x 3 / Optional Claimer - 8F Turf AOC - 4th, +2 Stamina\r\nWhirlwind Tour Handicap - 9F Dirt GIII - 4th, +2 Stamina\r\n\r\n5th\r\nSupercell Handicap - 9.5F Dirt Open Level - 5th, +1 Speed\r\nMay 24 Maiden Special Weight - 7F Turf OL - 5th, +1 Stamina\r\nThunderstruck Handicap - 7F Turf Open Level - 5th, +1 Stamina\r\n\r\nOther/Not Completed\r\nSnowed In Stakes - Completed!, 7 Furlongs Dirt - 9th\r\nNon Winners of 3 Dec 12 Allowance - 9 Furlongs Turf - Open Level - 13th\r\nAtlantic City Derby - 10 Furlongs Dirt - Open Level - 12th\r\nTurf Paradise Sprint Stakes - Completed!, 6 Furlongs Turf - Open Level - 10th\r\nDec 30 Maiden Special Weight - 8th\r\nNon Winners of 3 Dec 30 Allowance - 12th\r\nMudders&#039; Delight Sprint Stakes - 6 Furlongs Dirt - Open Level - 6th\r\nWinter Is Here Handicap - 11 Furlongs Turf - Open Level - 10th\r\nStorm&#039;s A&#039; Coming Stakes - 9.5 Furlongs Dirt - Open Level - 11th\r\nHard To Catch Handicap - 7 Furlongs Turf - Open Level - 10th\r\nSilverbulletday Stakes - 8F Dirt - Kentucky Oaks Prep! (Fillies!) - 13th\r\nSanta Anita Derby - 9F Dirt Kentucky Derby Prep - 8th\r\nAshland Stakes - 8.5F Dirt - Kentucky Oaks Prep - 8th\r\nFirst Steps Stakes - 7.5F Turf Open Leve - 7th, +1 Stamina\r\nBlood Horse Handicap - 9F Dirt Open Level - 13th, +1 Response\r\nApril 6 NW x 2 / Optional Claimer - 9F Dirt AOC - 12th, +1 Courage\r\nUncharted Sprint Stakes - 7F Turf Open Level - 9th, +1 Speed\r\nShake It Off Stakes - 9F Turf Open Level - 10th, +1 Response\r\nCollege Royal Stakes 9F Turf - 12th, +1 Speed\r\nRKO Haven Derby Fun - Maiden level 8f turf - 7th, +1 Courage\r\nMay 18 Maiden Special Weight - 8F Dirt OL - 7th, +1 Fierce\r\nMay 20 Maiden Special Weight - 9F Turf OL - 7th +1 Fierce\r\nMay 24 NW x 3/Optional Claiming - 9F Turf OL - 11th, +1 Stamina\r\nJuly 24 Maiden Special Weight - 8F Turf MSW - 6th, +1 Fierce\r\n####\r\nApril 25 Under 75 Allowance-8.5f-Dirt-GIII - 6th\r\nApril 14 NW x 2/Optional Claiming - 9F Turf AOC - 3rd\r\nMay 1 Under 75 Allowance-9f-Dirt-GIII - 6th\r\nMay 8 Under 75 Allowance-10f-Dirt-GIII', '', '/img/stall-pics/Zippa.png', 'http://shashka-idirae.rhcloud.com/img/racing-form/zippa.png'),
(26, 'Capricious', 'Flirt', 11, 'Gray', '', 59, 4, 8, 1, 44, 6, 87, 73, 80, 73, 80, 71, 71, 72, 72, 72, 36, 32, 5, '5.0', '8.0', 13, 13, 20, 16, 17, 23, 26, 'RETIRED\r\n\r\n1st\r\nSunrise Filly Stakes - 8F Turf GIII Fillies - 1st, +5 Power\r\n\r\n2nd\r\nSnowed In Stakes, 7 Furlongs Dirt - Open Level 2nd, 4 pts to Stamina.\r\nJan 6 MSW (Turf)\r\nOut of Control Stakes\r\nAll or Nothing Stakes - 6F Dirt GIII - 2nd, +4 Staying\r\n\r\n3rd\r\nOptimus Prime Sprint Stakes\r\nPumpkin Pie Sprint Stakes\r\nFame and Fortune MSW\r\nSit This Out MSW\r\nSurf and Turf Stakes - 6F Turf GIII - 3rd, +3 Fierce\r\n\r\n4th\r\nSnow Flurry Stakes\r\nMay Sweeps Sprint Stakes - 6F Dirt GIII - 4th, +2 Staying\r\nSweeps Sprint Stakes, 7 Furlongs Dirt - Open Level 4th, 2 pts to Stamina\r\n\r\n5th\r\nTurkey Day Sprint Stakes, 6 Furlongs Turf - Open Level 5th, 1 pt to Speed\r\nSnow Today Stakes\r\nEl Prado Stakes\r\nSensationa Stars Stakes\r\nWatch Me Go Stakes\r\nSomething Wicked Stakes - 7F Turf GIII - 5th +1 Response\r\nSpring Sweeps Spring Stakes - 6F Turf Grade III - 5th, +1 Response\r\n\r\n\r\nOther/Not Completed\r\nLost Lillies Handicap - 8 Furlongs Dirt Grade III Fillies 7th, +1 Tenacity\r\nHearts A Fire Handicap - 9 Furlongs Dirt Grade III 6th, +1 Tenacity\r\nIn Mercy&#039;s Name Stakes - 7 Furlongs Dirt Grade III 6th, +1 Response\r\nDivide and Conquer Stakes, 15 Furlongs Turf - Open Level 9th, 1 pt for speed and 1 pt for tenacity.\r\nLeaves of Fall Stakes, 15 Furlongs Turf - Open Level 7th, 1 pt to Staying + 1 pt to Response\r\nFounding Fathers Handicap, 10 Furlongs Dirt - Open Level 9th, 1 pt to Stamina + 1 pt to Power\r\nNon Winners of 3 Nov 20 Allowance, 8 Furlongs Dirt - Open Level 6th, 1 pt Stamina, 1 pt Response\r\nJimmy Winkfield Stakes\r\nStand Your Ground Stakes\r\nFurlong Showdown Sprint Stakes - 6F Dirt GIII - 7th, +1 Fierce\r\nThunder Shocks Sprint Stakes - 6F Dirt Grade III  - 6th, +1 Feel\r\nSights &amp; Sounds Stakes - 6F Turf GIII - 10th, +1 Speed\r\nAfleet Express Stakes - 8F Dirt GII - 7th, +1 Feel\r\nEasy Going Stakes - 6F Dirt GIII - 6th, +1 Fierce', '', '/img/stall-pics/Capricious.png', 'http://shashka-idirae.rhcloud.com/img/racing-form/capricious.png'),
(27, 'Winnie', 'Watch Me', 11, '', '', 59, 2, 8, 1, 44, 21, 68, 65, 68, 64, 68, 65, 69, 63, 66, 69, 9, 12, 34, '7.0', '11.0', 13, 13, 20, 15, 18, 24, 26, '3rd            \r\nJune 22 Maiden Special Weight - 8F Turf OL - 3rd, +3 Stamina             \r\nBelmont Shuffle Stakes - 9F Dirt OL - 3rd, +3 Response             \r\nDuke Record Stakes 10F Tf - 3rd, +3 Breaking             \r\n     \r\n5th             \r\n            \r\nWatercolor Stakes OL 8.5F Dirt - 5th, +1 Speed            \r\nJune 22 NW x 2/Optional Claiming - 8F Dirt AOC - 5th, +1 Staying             \r\nStorm Season Handicap - 9.5F Dirt OL - 5th, +1 Staying             \r\n\r\nOther/Not Completed          \r\nOne Step Stakes 8F Dirt - 11th, +1 Power             \r\nJune 4 Maiden Special Weight - 7F Dirt OL - 8th, +1 Tenacity                     \r\nChrysalis Stakes 10F Dirt - 9th, +1 Speed             \r\nChip Chap Chop Stakes - 7F Dirt OL - 7th, +1 Stamina             \r\nHard Not To Like Handicap - 8.5F Dirt OL - 7th, +1 Response            \r\nJune 29 Maiden Special Weight - 10F Dirt OL - 6th, +1 Fierce             \r\nJune 29 NW x 2/Optional Claiming - 9F Turf AOC - 11th, +1 Power  \r\n####\r\nApril 25 Under 75 Allowance-8.5f-Dirt-GIII - 3rd\r\nApril 14 NW x 2/Optional Claiming - 9F Turf AOC - 7th\r\nMay 1 Under 70 Allowance-10f-Turf-GIII - 3rd\r\nStorm Front Stakes - 8F Dirt GIII ONLY - 11th\r\nMay 4 Under 70 Allowance - 10F Turf GIII ONLY - 10th\r\nStrawberry Morn Handicap - 7F Dirt GIII FILLIES - 11th\r\nJune 3 Under 75 Allowance - 8F Dirt GIII - 10th\r\nJune 12 Under 70 Allowance - 9F Turf GIII ONLY - 8th', '', '/img/stall-pics/Winnie.png', 'http://shashka-idirae.rhcloud.com/img/racing-form/winnie.png'),
(28, 'Pollyanna', 'Paint a Smile', 11, 'Gray', 'AeGg', 45, 1, 6, 3, 3, 3, 60, 59, 57, 56, 59, 55, 61, 59, 62, 63, 15, 36, 37, '9.0', '14.0', 13, 13, 19, 15, 17, 23, 26, 'Sr: RKO Haven Polynesian 7-12f\r\nUnbreakable 7-12 x Black Polly 7-12f\r\nDm: RKO Haven Geisha 10-16f\r\nDiscovery 10-16f x Miyako 7-12f\r\n   \r\n[WT UAE] Dubai Racing Club Stakes - 9F Turf OL - 9th, +1 Stamina     \r\nHonor and Serve Handicap - 12F Turf OL - 11th, +1 Response    \r\n Storm Season Handicap - 9.5F Dirt OL - 7th, +1 Fierce', '', '/img/stall-pics/Pollyanna.png', 'http://i289.photobucket.com/albums/ll233/RKOpetz/Racers/pollyannaracea.png'),
(29, 'Nouvar', 'Bring on the Rain', 11, 'Gray', '', 45, 2, 6, 1, 44, 1, 73, 72, 74, 62, 72, 67, 69, 66, 69, 68, 35, 18, 14, '8.0', '12.0', 12, 14, 19, 15, 17, 23, 26, 'Other/Not Completed             \r\nBusher Handicap - 9.5F Dirt BC - 8th, +1 Response\r\n#####\r\nAppalachian Stakes 8F Turf GIII Fillies Only - 6th\r\nKaptain Khaos Handicap - 9F Turf GIII ONLY - 3rd\r\nApril 24 Under 75 Allowance - 8F Turf GIII ONLY - 3rd\r\nThis Is Gospel 9f TF GIII only - 1st\r\nWhite Night Handicap - 10F Turf GIII ONLY - 9th\r\nChurchill Distaff Turf Mile - 8F Turf GIII FILLIES ONLY - 6th\r\nAmerican Turf Stakes - 9F Turf GIII ONLY  - 7th\r\nUSA Mile Turf Qualifier - 8F Turf - 13th\r\nLouisville Handicap - 12F Turf GIII - 6th\r\nArlington Classic Stakes - 9F Turf GIII ONLY - 1st\r\nWayward Handicap - 10F Turf GIII ONLY - 10th', '', '/img/stall-pics/Nouvar.png', 'http://shashka-idirae.rhcloud.com/img/racing-form/nouvar.png'),
(30, 'Illegal', 'That Can&#039;t Be Legal', 11, 'Black', '', 46, 1, 5, 1, 44, 1, 69, 63, 70, 58, 59, 61, 59, 61, 62, 60, 36, 10, 37, '11.0', '14.0', 12, 14, 19, 15, 17, 24, 25, '8th - Winter is Here Handicap   \r\n-----------   \r\n2013  \r\nOpen Level  \r\n\r\n3rd - Run Spritely Stakes  \r\n5th - Haunted Hooves Handicap   \r\n11th - Spring At Last Stakes \r\n\r\n-----------   \r\n2012   \r\nOpen Level  \r\n\r\n8th - Mist and Seas Handicap\r\n####\r\nCat Egg Stakes 12f TF OL - 3rd', '', '/img/stall-pics/Illegal.png', 'http://shashka-idirae.rhcloud.com/img/racing-form/illegal.png'),
(31, 'Ruffian', 'Let Me Run', 11, 'Black', 'EE/aa', 45, 3, 7, 2, 2, 2, 84, 75, 74, 75, 73, 72, 71, 75, 72, 75, 44, 44, 44, '7.0', '10.0', 14, 12, NULL, 15, 17, 24, 25, '', 'http://seeingstars.boards.net/thread/448', '', ''),
(32, 'Seattle Slew', 'Rainy Day Blues', 10, 'Black', 'EE/aa', 46, 4, 7, 2, 2, 2, 88, 80, 79, 74, 73, 75, 75, 74, 80, 73, 25, 25, 37, '8.0', '12.0', 13, 13, NULL, 15, 17, 24, 25, '2013 Kentucky Derby/Belmont Stakes/Breeders'' Cup Classic Winner', 'http://seeingstars.boards.net/thread/444', '', ''),
(33, 'Seabiscuit', 'Bring On The Biscuit', 10, 'Bay', 'EE/AA', 45, 4, 6, 2, 2, 2, 89, 76, 78, 75, 72, 73, 75, 73, 72, 72, 31, 31, 34, '8.0', '12.0', 14, 12, NULL, 15, 17, 23, 25, '2012 Triple Crown Winner', 'http://seeingstars.boards.net/thread/445', '', ''),
(34, 'Zenyatta', 'Catch Me If You Can', 11, 'Dark Bay', 'EE/AA', 46, 4, 5, 2, 2, 2, 85, 81, 81, 75, 76, 75, 76, 74, 75, 76, 25, 25, 28, '8.0', '10.0', 14, 12, 22, 15, 17, 24, 26, '2014 Champion Older Mare', 'http://seeingstars.boards.net/thread/425', '', ''),
(39, 'Nico', '', 10, '', '', NULL, 44, 44, 20, 44, 44, 0, 0, 0, 0, 0, 0, 0, 0, 0, 0, 44, 44, 44, '0.0', '0.0', 44, 44, 44, 44, 44, 44, 44, '...', '', '', ''),
(40, 'Man O War', 'Legend Like Lightning', 10, 'Chestnut', 'ee/aa', 46, 4, 7, 2, 2, 2, 87, 77, 77, 72, 71, 71, 76, 74, 71, 75, 29, 29, 14, '8.0', '12.0', 13, 13, 22, 15, 17, 24, 25, '...', '', '', ''),
(53, 'Vintage', '', 10, 'Rose Grey', 'ee/Aa/GG', 45, 3, 5, 27, 44, 47, 78, 78, 75, 62, 70, 71, 70, 71, 70, 72, 4, 10, 28, '8.0', '13.0', 13, 13, 22, 15, 18, 24, 25, '', 'http://seeingstars.boards.net/thread/4161/ribbon-vintage-rose-gate-champagne', 'http://i298.photobucket.com/albums/mm262/jewellzc/Vintage.png', 'http://i298.photobucket.com/albums/mm262/jewellzc/VintageR.png'),
(54, 'Tipsy', '', 11, 'Grey Bay Sabino', 'Ee/AA/Gg/nSb', 46, 1, 6, 27, 27, 27, 69, 64, 67, 61, 61, 63, 60, 59, 60, 61, 10, 12, 28, '8.0', '11.0', 14, 12, 22, 15, 17, 24, 25, '', 'http://seeingstars.boards.net/thread/4975/tipsy-haubings-lightfooted', 'http://i298.photobucket.com/albums/mm262/jewellzc/Tipsy.png', 'http://i298.photobucket.com/albums/mm262/jewellzc/TipsyR.png'),
(55, 'Sass Street Wonder', '', 11, 'EE/Aa', 'Bay', 45, 2, 8, 21, 2, 2, 74, 67, 74, 64, 67, 64, 63, 65, 65, 65, 32, 12, 37, '8.0', '12.0', 13, 13, 19, 15, 17, 24, 26, '...', NULL, 'http://i1088.photobucket.com/albums/i329/Mockingbirdestates/Main%20Album2/sassstreetrace_zpsrjpcypdn.gif', ''),
(56, 'River Street', 'Better Bank On It', 10, 'Bay', 'EE/Aa', 45, 2, 8, 21, 21, 21, 71, 72, 69, 61, 64, 66, 64, 63, 63, 68, 18, 32, 34, '8.0', '12.0', 13, 13, 19, 15, 17, 23, 26, 'Entered      \r\n1st         ...\r\n\r\n2nd        \r\n June 22 Maiden Special Weight - 8F Turf OL - 2nd, +4 Stamina         \r\nBelmont Shuffle Stakes - 9F Dirt OL - 2nd, +4 Power         \r\nJuly 24 Maiden Special Weight - 8F Turf MSW - 2nd, +4 Fierce     \r\n\r\n3rd        \r\nRound The Bend Stakes - 9F Turf GIII - 3rd, +3 Power         \r\nSharp as Knives Stakes - 9.5F Dirt GIII - 3rd, +3 Speed    \r\n\r\n4th         \r\nJune 4 NW x 2/Optional Claiming - 9F Turf AOC - 4th, +2 Speed         \r\nDuke Record Stakes 10F Tf - 4th, +2 Speed         \r\nStars and Stripes Handicap - 8F Turf GIII - 4th, +2 Fierce         \r\nSeize The Day Handicap - 12F Turf GIII - 4th, +2 Fierce        \r\n Halloween Classic Stakes - 10F Dirt GIII - 4th, +2 Stamina     5th         Appealing Tale Handicap - 10F Turf GIII - 5th, +1 Feel         \r\nOld Friends Stakes - 8F Turf GIII - 5th, +1 Breaking     \r\n\r\nOther/Not Completed         \r\n[World Tour: Canada] Tim Horton Stakes 12F Turf - 12th, +1 Breaking         \r\nTree Top Stakes 8F Turf OPEN - 8th, +1 Response         \r\nPuzzlepiece Stakes 8f Dirt OL - 6th, +1 Staying        \r\n[World Tour Ireland] Kildare Handicap - 12F Turf OL - 10th, +1 Stamina         \r\nOne Step Stakes 8F Dirt - 7th, +1 Power        \r\nApple Pie Stakes 10F Turf - 6th, +1 Courage        \r\nSyrian Handicap 12F Turf - 6th, +1 Feel         \r\nRKO Have Run for Fun Maiden Special Weight 11f dirt - 10th, +1 Breaking         \r\nJurassic World Stakes 12F Turf - 5th, +1 Response         \r\nChrysalis Stakes 10F Dirt - 6th, +1 Speed         \r\nWatercolor Stakes OL 8.5F Dirt - 6th, +1 Tenacity        \r\nJohnny Boy Stakes 12F Dt - 8th, +1 Response         \r\nParanormal Party Handicap - 10.5F Dirt GIII - 7th, +1 Feel         \r\nLead Me Home Stakes - 11F Turf GIII - 7th, +1 Feel        \r\n[World Tour UAE] Dubai Classic - 10F Dirt GIII - 10th, +1 Response         \r\n[World Tour UAE] Sheema Classic - 12F Turf GIII - 7th, +1 Response         Affirmed Handicap - 10F Dirt GIII - 8th, +1 Staying         \r\nAbove and Below Handicap - 8F Turf GIII - 6th, +1 Speed         \r\nGame On Dude Handicap - 9F Dirt GIII - 9th, +1 Power         \r\nJack Be Nimble Handicap - 12F Dirt GIII - 10th, +1 Stamina         \r\nLeft Behind Stakes - 10F Dirt GIII - 12th, +1 Stamina        \r\nSort It Out Handicap - 12F Turf GIII - 8th, +1 Feel         \r\nDo or Do Not Handicap - 9F Turf GIII - 10th, +1 Response         \r\nSelf Destruct Handicap - 12F Turf GIII - 9th, +1 Response         \r\nTick Tock Handicap - 9F Dirt GIII - 8th, +1 Feel         \r\nMore Than Ready Handicap - 9F Turf GIII - 9th, +1 Response         \r\nAlphabet Soup Stakes - 11.5F Dirt GIII - 7th, +1 Tenacity         \r\nAlley Oop Stakes - 10F Turf GIII - 10th, +1 Feel         \r\nUnderground Handicap - 11F Turf GIII - 9th, +4 Courage         \r\nSwing & Sway Handicap - 9F Dirt GIII - 9th, +1 Feel', NULL, '/img/stall-pics/River-Street.png', 'http://shashka-idirae.rhcloud.com/img/racing-form/river-street.png'),
(57, 'Whimsy Red', '', 10, 'ee/Aa/Crcr', 'Palomino', 45, 2, 5, 21, 2, 2, 74, 63, 66, 63, 67, 64, 65, 65, 66, 63, 17, 36, 28, '6.0', '10.0', 13, 13, 20, 15, 17, 24, 26, '', 'http://seeingstars.boards.net/thread/4217', 'http://i1088.photobucket.com/albums/i329/Mockingbirdestates/Main%20Album2/petz225_zpsg3u0wutm.png', ''),
(58, 'Sourpuss', '', 10, 'EE/Aa/Ww', 'White', 45, 2, 7, 21, 21, 21, 66, 59, 66, 64, 66, 59, 61, 58, 56, 58, 8, 25, 5, '5.0', '9.0', 13, 13, 19, 15, 18, 23, 26, '', NULL, 'http://i1088.photobucket.com/albums/i329/Mockingbirdestates/Main%20Album2/petz211_zpsaseyj1si.png', ''),
(59, 'Absolut Chime', '', 10, 'EE/AA/Rnrn', 'Roan', 46, 1, 7, 21, 21, 21, 66, 63, 59, 63, 58, 59, 58, 63, 58, 58, 8, 31, 5, '5.0', '9.0', 13, 13, 44, 15, 17, 23, 26, '', NULL, 'http://i1088.photobucket.com/albums/i329/Mockingbirdestates/Main%20Album2/absolutchime_zpsxcya8onj.gif', ''),
(62, 'Eclipse', 'Hard Tack The Rest, Nowhere', 10, 'Chestnut', 'ee/aa', 45, 4, 7, 2, 2, 2, 86, 73, 78, 72, 74, 71, 74, 75, 72, 71, 11, 36, 34, '12.0', '16.0', 12, 14, NULL, 15, 17, 24, 25, '2014 Champion Male Stayer\r\n\r\nWinner of the 2014 Breeders'' Cup Marathon', NULL, '', ''),
(63, 'Barbaro', 'Hard Tack My Guy', 10, 'Bay', 'EE/AA', 45, 4, 7, 2, 2, 2, 86, 74, 77, 74, 77, 72, 73, 74, 74, 73, 33, 8, 23, '8.0', '12.0', 13, 13, 22, 16, 17, 24, 26, 'Winner of the 2012 Breeders'' Cup Classic', NULL, '', ''),
(64, 'Learned Wonder', '', 10, 'EE', 'Black', 45, 2, 6, 21, 21, 21, 70, 62, 61, 63, 65, 60, 62, 60, 60, 65, 35, 10, 28, '8.0', '12.0', 13, 13, 19, 15, 18, 24, 26, '', NULL, 'http://i1088.photobucket.com/albums/i329/Mockingbirdestates/Main%20Album2/petz474_zps63bbzhme.png', ''),
(65, 'Thunderstruck', '', 11, 'Ee/Aa/Gg', 'Grey', 45, 2, 7, 21, 47, 47, 69, 62, 66, 62, 61, 61, 61, 63, 62, 61, 11, 29, 34, '6.0', '10.0', 13, 13, NULL, 15, 17, 23, 26, '', NULL, 'http://i1088.photobucket.com/albums/i329/Mockingbirdestates/Main%20Album2/thunderstruck_zpsfjuscc6z.png', ''),
(66, 'Cancer', 'The Water Sign', 10, 'Buckskin', '', 46, 2, 7, 26, 21, 21, 69, 69, 64, 64, 64, 64, 64, 64, 64, 65, 11, 32, 34, '6.0', '9.0', 13, 13, 44, 15, 18, 24, 26, '', 'http://seeingstars.boards.net/thread/5801/bluejay-water-sign-thoroughbred-stallion', 'http://i1242.photobucket.com/albums/gg522/Dirnwod/Dekada/CancerRACING_zpspstbixjo.png', 'http://i1242.photobucket.com/albums/gg522/Dirnwod/Dekada/CancerRACING_zpspstbixjo.png'),
(67, 'Game', 'Game of Thrones', 10, 'Bay', '', 45, 2, 5, 26, 47, 47, 69, 67, 67, 61, 63, 63, 63, 62, 63, 64, 4, 22, 5, '6.0', '9.0', 13, 13, 19, 15, 18, 23, 26, '', 'http://seeingstars.boards.net/thread/4875/rgs-game-thrones-thoroughbred-stallion', 'http://i1242.photobucket.com/albums/gg522/Dirnwod/Dekada/GameRacing_zpsm4lwwwvh.png', 'http://i1242.photobucket.com/albums/gg522/Dirnwod/Dekada/GameRacing_zpsm4lwwwvh.png'),
(68, 'Wildie', 'Girl Gone Wild', 11, 'Chestnut frame overo', '', 46, 1, 6, 26, 2, 2, 71, 63, 66, 62, 63, 63, 63, 62, 63, 63, 32, 16, 37, '8.0', '12.0', 14, 12, 19, 15, 18, 23, 26, '2nd gen! Tizzi Rizzi x Wild Card', 'http://seeingstars.boards.net/thread/4853/ihch-hard-tacks-girl-thoroughbred', 'http://i1242.photobucket.com/albums/gg522/Dirnwod/Dekada/GirlGoneWildIH_zps1reqyapk.png', 'http://i1242.photobucket.com/albums/gg522/Dirnwod/Dekada/racing1_zpsv3hm7fgg.png'),
(69, 'Fair Play', 'RKO Kats Fair Play', 10, 'Chestunt', 'AaEE', 45, 3, 7, 3, 3, 3, 77, 75, 71, 61, 72, 70, 78, 70, 71, 68, 31, 16, 13, '5.0', '10.0', 14, 12, 19, 16, 17, 23, 26, 'Thoroughbred Foundation Stallion', NULL, 'http://i289.photobucket.com/albums/ll233/RKOpetz/Racers/playerhomesmall.png', 'http://i289.photobucket.com/albums/ll233/RKOpetz/Racers/playerrider.png'),
(70, 'Annette K', 'RKO Kats Annette K', 11, 'Bay', 'AAEe', 45, 2, 7, 3, 3, 3, 70, 70, 68, 60, 71, 65, 70, 66, 71, 65, 16, 29, 5, '5.0', '10.0', 12, 14, 19, 15, 17, 23, 26, 'Offspring:\r\nRKO Haven Kats Brushup - Brushup 7-12f by RKO Haven Sweep 7-12f\r\nRKO Fair Master K - by RKO Kats Fair Play GIII 5-9f\r\nRKO Player Hater of Hard Tack - by RKO Kats Fair Play GIII 5-9f', NULL, 'http://i289.photobucket.com/albums/ll233/RKOpetz/Racers/annetta%20K%20home%20small.png', 'http://i289.photobucket.com/albums/ll233/RKOpetz/Racers/annettekrider.png'),
(71, 'Augustus', 'Caught me Red Handed', 10, 'Bay', '', 45, 2, 6, 13, 2, 2, 80, 72, 72, 59, 71, 63, 66, 65, 63, 65, 32, 15, 28, '8.0', '12.0', 14, 12, NULL, 15, 17, 23, 25, '*Available with permission from Neco*\r\n2nd Gen\r\nSire: Secretariat\r\nDam: Zenyatta', NULL, 'http://i1203.photobucket.com/albums/bb385/Hallowish/Horses/Augustus-In-hand_zpsexjaktus.png', 'http://i1203.photobucket.com/albums/bb385/Hallowish/Horse%20Racing/Augustus-Racing_zps4qugxa5p.png'),
(72, 'Mahubah', 'RKO Kats Mahubah', 11, 'Chestunt', 'aaEE', 45, 3, 7, 3, 3, 3, 80, 77, 79, 65, 79, 68, 71, 77, 79, 70, 29, 16, 5, '10.0', '16.0', 13, 13, 19, 15, 18, 23, 26, 'Offspring:\r\n RKO Kats Man O War - Warrior 7-12f by RKO Kats Fair Play GII 5-9f\r\nRKO Lord of Misrule at Hard Tack - Cabaal 10-16f by Corkscrew\r\nBlueJay/RKO Whimsy Mahubah - Whimsy 9-16f by BlueJay Whimsy Red GIII 6-10f by HT Secretariat GI 8-12f\r\nBlueJay Red&#039;s Sunrise - Sunny - owner Angora by BlueJay Whimsy Red GIII 6-10f by HT Secretariat GI 8-12f', NULL, 'http://i289.photobucket.com/albums/ll233/RKOpetz/Racers/mahubahhomesmall.png', 'http://i289.photobucket.com/albums/ll233/RKOpetz/Racers/muhubahridera.png'),
(73, 'Tidas', 'The Final Fantasy', 10, 'Dark Bay', '', 45, 2, 8, 13, 13, 13, 74, 67, 66, 63, 65, 67, 61, 64, 65, 64, 35, 30, 28, '5.0', '10.0', 13, 13, NULL, 15, 17, 23, 25, '', NULL, 'http://i1203.photobucket.com/albums/bb385/Hallowish/Horses/Tidus-In-Hand_zpspj8v5wuh.png', 'http://i1203.photobucket.com/albums/bb385/Hallowish/Horse%20Racing/Tidus-racing_zpsatx7lkxk.png'),
(74, 'Cherish', 'Blood Of My Blood', 11, 'Blood Bay', '', 45, 2, 8, 13, 27, 27, 70, 65, 64, 55, 63, 61, 61, 65, 64, 62, 21, 12, 37, '7.0', '12.0', 14, 12, NULL, 15, 17, 23, 25, 'Available with permission', NULL, 'http://i1203.photobucket.com/albums/bb385/Hallowish/Horses/Cherish-In-Hand_zpstyvnq54z.png', 'http://i1203.photobucket.com/albums/bb385/Hallowish/Horse%20Racing/Cherish-racing_zpsw5j0zekw.png'),
(75, 'Leo', 'Master Leo', 10, 'Chestnut', '', 46, 1, 5, 13, 21, 21, 69, 63, 66, 63, 63, 64, 64, 62, 62, 62, 17, 22, 5, '7.0', '12.0', 13, 13, NULL, 15, 17, 23, 25, '', NULL, 'http://i1203.photobucket.com/albums/bb385/Hallowish/Horses/Leo-In-Hand_zpsawrxlnns.png', 'http://i1203.photobucket.com/albums/bb385/Hallowish/Horse%20Racing/Leo-Racing-1_zpsppuktg7i.png'),
(76, 'Prince', 'Glass Prince', 10, 'Black', '', 46, 1, 5, 13, 3, 3, 66, 61, 62, 55, 60, 62, 58, 60, 60, 59, 9, 15, 37, '5.0', '9.0', 12, 14, NULL, 15, 18, 23, 25, '', NULL, 'http://i1203.photobucket.com/albums/bb385/Hallowish/Horses/Prince-Canter_zps4bxiza47.gif', 'http://i1203.photobucket.com/albums/bb385/Hallowish/Horse%20Racing/Prince-Racing_zpswplltivs.png'),
(77, 'Man O War(Warrior)', 'RKO Kats Man O War', 10, 'Chestnut', 'aaEE', 45, 2, 7, 3, 3, 3, 68, 59, 57, 58, 66, 64, 63, 61, 58, 60, 16, 11, 13, '7.0', '12.0', 13, 13, 19, 16, 18, 23, 26, 'RKO Kats Fair Play 5-9f x RKO Kats Muhubah 10-16f\r\n\r\nOffspring:\r\nRKO Haven American Flag - Patriot 7-12 out of RKO Haven Lady Comfey 7-12f\r\nRKO Haven War Admiral - Fleet 7-12f out of RKO Haven Kats Brushup 5-9f', NULL, 'http://i289.photobucket.com/albums/ll233/RKOpetz/Racers/manowarhomesmall.png', 'http://i289.photobucket.com/albums/ll233/RKOpetz/Racers/warriorrider.png'),
(79, 'Red''s Sunrise', '', 11, 'ee', 'Chestnut', 46, 1, 6, 21, 21, 21, 66, 57, 59, 57, 63, 56, 55, 57, 65, 58, 17, 16, 23, '8.0', '12.0', 13, 13, 19, 15, 17, 24, 26, '', NULL, '', ''),
(80, 'Topper', 'BFF/RKO Comma To The Top', 10, 'Seal Brown', 'AtEe', 45, 2, 7, 3, 44, 44, 75, 65, 70, 60, 70, 64, 70, 69, 65, 60, 11, 9, 37, '10.0', '16.0', 13, 13, 19, 15, 18, 23, 44, 'Hexed by Kbev who was also the breeder', NULL, 'http://i289.photobucket.com/albums/ll233/RKOpetz/Racers/topperhomesmall.png', 'http://i289.photobucket.com/albums/ll233/RKOpetz/Racers/topperridertack.png'),
(81, 'Sickle', '', 10, 'Ee/A+a', 'Seal Bay', 45, 2, 7, 21, 3, 3, 66, 63, 66, 61, 61, 62, 68, 63, 62, 60, 11, 29, 13, '10.0', '16.0', 12, 14, 19, 16, 17, 23, 26, '', NULL, 'http://i1088.photobucket.com/albums/i329/Mockingbirdestates/Main%20Album2/petz479_zpsmiufsdqm.png', ''),
(82, 'Sword Play', 'Moonwatch Horse and Sword', 10, 'Bay', 'EE/Aa', 45, 3, 5, 2, 44, 44, 87, 77, 78, 70, 70, 73, 72, 71, 71, 72, 4, 15, 28, '12.0', '16.0', 12, 14, 22, 16, 17, 23, 26, 'Winner of the 2015 Breeders'' Cup Marathon', NULL, '', ''),
(83, 'Ansia', 'Panophobia', 11, 'Perlino', '', 45, 3, 6, 2, 6, 6, 83, 76, 78, 72, 72, 70, 71, 71, 74, 72, 32, 10, 5, '12.0', '16.0', 12, 14, 19, 15, 17, 24, 25, '', NULL, '', 'http://img.photobucket.com/albums/v643/the_neco/Petz_Pics/horses/racing/ansia.png'),
(84, 'Rancor', '', 10, 'Black', 'EE/aa', 46, 3, 8, 2, 2, 2, 78, 77, 77, 73, 72, 73, 75, 72, 73, 77, 31, 22, 34, '8.0', '12.0', 14, 12, 22, 15, 17, 24, 26, '', NULL, '', ''),
(85, 'Sweep', 'RKO Haven Sweep', 10, 'Brown', 'aaeE', 45, 1, 8, 3, 3, 3, 58, 55, 57, 55, 58, 60, 59, 60, 57, 58, 36, 16, 14, '7.0', '12.0', 14, 12, 19, 16, 18, 23, 26, '', NULL, 'http://i289.photobucket.com/albums/ll233/RKOpetz/Racers/sweephomesmall.png', 'http://i289.photobucket.com/albums/ll233/RKOpetz/Racers/sweeprider.png'),
(86, 'Lightning''s Fury', '', 11, 'ee', 'Chestnut', 45, 2, 7, 21, 44, 44, 68, 64, 63, 64, 63, 68, 62, 66, 63, 66, 11, 33, 28, '9.0', '12.0', 14, 12, 19, 15, 17, 24, 25, '', NULL, 'http://i1088.photobucket.com/albums/i329/Mockingbirdestates/Main%20Album2/Lightningtackbymudkip_zpstz3q4qqj.png', ''),
(87, 'SeaBlue Royalty', '', 11, 'EE/AA', 'Bay', 45, 2, 6, 21, 2, 2, 73, 69, 66, 64, 63, 67, 63, 63, 63, 66, 9, 10, 5, '8.0', '12.0', 14, 12, 19, 15, 17, 23, 25, '', NULL, 'http://i1088.photobucket.com/albums/i329/Mockingbirdestates/Main%20Album2/petz1041_zpsfcubeahj.gif', ''),
(88, 'Phalaris', 'RKO Haven Kats Phalaris', 10, 'Seal Brown', 'AAEe', 45, 1, 44, 3, 3, 3, 61, 55, 59, 58, 60, 60, 62, 60, 57, 56, 9, 16, 13, '7.0', '12.0', 13, 13, 19, 16, 17, 23, 26, 'sr: RKO Haven Kats Polymelus - Mel 10-16f\r\ndm: RKO Haven Bromus - Bromus 7-12f', NULL, 'http://i289.photobucket.com/albums/ll233/RKOpetz/Racers/phalarishomesmall.png', 'http://i289.photobucket.com/albums/ll233/RKOpetz/Racers/phalarisrace.png'),
(89, 'Secretariat', 'RKO Haven&#039;s Secretariat II', 10, 'Chestnut', 'aAEe', 45, 2, 5, 3, 3, 3, 71, 63, 60, 57, 65, 61, 63, 65, 63, 68, 25, 17, 28, '7.0', '13.0', 13, 13, 19, 16, 18, 23, 26, '', NULL, 'http://i289.photobucket.com/albums/ll233/RKOpetz/Racers/redhomesmall.png', 'http://i289.photobucket.com/albums/ll233/RKOpetz/Racers/secretariatrace.png'),
(90, 'Remington', 'Hawkstone Remington of RKO', 10, '', '', 46, 2, 8, 3, 2, 2, 73, 68, 68, 67, 68, 67, 67, 71, 68, 67, 16, 32, 34, '7.0', '12.0', 13, 13, 19, 15, 17, 23, 26, '', NULL, 'http://i289.photobucket.com/albums/ll233/RKOpetz/Racers/remingtonhomesmall.png', 'http://i289.photobucket.com/albums/ll233/RKOpetz/Racers/remingtonrider.png'),
(91, 'Tisdale&#039;s Charm', '', 10, 'Ee', 'Black', 45, 2, 7, 21, 46, 46, 66, 61, 69, 65, 61, 61, 60, 62, 59, 58, 31, 25, 27, '5.0', '9.0', 13, 13, 20, 15, 17, 23, 25, '', NULL, 'http://i1088.photobucket.com/albums/i329/Mockingbirdestates/Main%20Album2/petz466_zpssgeq6m2p.png', ''),
(92, 'Aquarius', '', 11, 'EE', 'Black', 46, 1, 7, 21, 21, 21, 60, 56, 60, 58, 55, 55, 58, 56, 55, 55, 11, 31, 27, '5.0', '9.0', 13, 13, 20, 15, 17, 23, 25, '', NULL, 'http://i1088.photobucket.com/albums/i329/Mockingbirdestates/Main%20Album%203/petz1402_zps2qzlobfp.gif', ''),
(93, 'Top Hat', '', 10, 'ee', 'Chestnut', 46, 1, 5, 21, 44, 44, 63, 61, 59, 63, 62, 65, 59, 63, 60, 61, 30, 12, 27, '5.0', '8.0', 12, 14, 19, 16, 17, 23, 26, '', NULL, 'http://i1088.photobucket.com/albums/i329/Mockingbirdestates/Main%20Album2/petz3068.png', ''),
(94, 'Honor', 'Honor and Valor', 11, 'Gray', '', 46, 1, 7, 13, 44, 13, 69, 61, 66, 55, 60, 61, 62, 59, 60, 62, 22, 25, 6, '5.0', '9.0', 12, 14, NULL, 15, 18, 23, 25, '', NULL, 'http://i1203.photobucket.com/albums/bb385/Hallowish/Horses/Honor-In-Hand_zpstl4cisex.png', 'http://i1203.photobucket.com/albums/bb385/Hallowish/Horse%20Racing/Honor-racing_zpsn5cf0jyk.png'),
(95, 'Ozy', 'Prince of Darkness', 10, 'Gray', '', 46, 1, 7, 13, 50, 50, 66, 63, 60, 60, 62, 62, 58, 58, 57, 59, 12, 21, 34, '8.0', '13.0', 14, 12, NULL, 15, 18, 23, 25, '', NULL, 'http://i1203.photobucket.com/albums/bb385/Hallowish/Horses/petz66_zpsmd2rbctn.gif', 'http://i1203.photobucket.com/albums/bb385/Hallowish/Horse%20Racing/Ozy-racing_zpsaovbv3ty.gif'),
(96, 'Prestige', 'Flawless Reputation', 11, 'Palomino', '', 46, 1, 6, 13, 13, 13, 62, 59, 61, 55, 61, 59, 62, 61, 62, 61, 16, 15, 37, '7.0', '12.0', 13, 13, NULL, 16, 17, 23, 25, '', NULL, 'http://i1203.photobucket.com/albums/bb385/Hallowish/Horses/Prestige-in-hand_zpsiu35qb6m.gif', 'http://i1203.photobucket.com/albums/bb385/Hallowish/Horses/Prestige-racing-notack_zpsa0sxuzke.gif'),
(97, 'Red Velvet', 'Delicious Delicacy', 11, 'Chestnut Sabino', '', 46, 1, 7, 13, 13, 13, 67, 63, 60, 55, 62, 61, 62, 61, 62, 61, 25, 11, 34, '6.0', '11.0', 13, 13, NULL, 15, 17, 23, 25, '', NULL, 'http://i1203.photobucket.com/albums/bb385/Hallowish/Horses/Red%20Velvet-In-hand_zpsbmq5osql.png', 'http://i1203.photobucket.com/albums/bb385/Hallowish/Horse%20Racing/Red%20Velvet-Racing-Notack_zpshmgzcjvj.png'),
(98, 'Grey Storms', 'Storm&#039;s Brewing', 11, 'Flea Bitten Gray', '', 46, 1, 5, 13, 51, 51, 65, 60, 60, 60, 62, 58, 58, 59, 61, 60, 32, 30, 6, '6.0', '12.0', 13, 13, NULL, 15, 17, 23, 25, '', NULL, 'http://i1203.photobucket.com/albums/bb385/Hallowish/Horses/Grey%20Storm-In-Hand_zps0wxoylug.gif', 'http://i1203.photobucket.com/albums/bb385/Hallowish/Horse%20Racing/petz4_zpsnomxxpii.gif'),
(99, 'Victor', 'Where The Blacktop Ends', 10, 'Dun Frame Overo', '', 46, 1, 6, 13, 1, 1, 62, 57, 59, 55, 62, 61, 56, 62, 58, 59, 32, 4, 34, '6.0', '11.0', 12, 14, 19, 16, 18, 23, 26, '', NULL, 'http://i1203.photobucket.com/albums/bb385/Hallowish/Victor-In-Hand_zpsqz8z1ht8.png', 'http://i1203.photobucket.com/albums/bb385/Hallowish/Horse%20Racing/Victor-Racing_zpsmyb3c5lw.png'),
(100, 'Eleanor', 'Blonde Bombshell', 11, 'Palomino', '', 46, 1, 5, 13, 44, 44, 62, 57, 57, 55, 62, 61, 57, 60, 59, 59, 21, 4, 37, '5.0', '10.0', 14, 12, 19, 15, 18, 23, 26, '&quot;BC Blonde Bombshell&quot; Hexed by Aero', NULL, 'http://i1203.photobucket.com/albums/bb385/Hallowish/Eleanor-In-Hand_zpsukuxeluc.png', 'http://i1203.photobucket.com/albums/bb385/Hallowish/Horse%20Racing/Eleanor-racing_zpsqqdzduma.png'),
(101, 'Rexy', '', 11, 'Ee/AA/Chch', 'Amber Champagne', 45, 2, 8, 21, 50, 50, 69, 66, 66, 66, 62, 63, 6, 63, 63, 64, 31, 15, 14, '5.5', '10.0', 13, 13, NULL, 15, 18, 24, 25, '', NULL, 'http://i1088.photobucket.com/albums/i329/Mockingbirdestates/Main%20Album2/petz946_zpscjw7izp8.gif', ''),
(102, 'Swoop Street', '', 11, 'Ee/AA', 'Bay', 46, 1, 6, 21, 21, 21, 62, 60, 62, 60, 59, 60, 55, 55, 56, 55, 4, 9, 37, '8.0', '13.0', 14, 12, 19, 15, 17, 24, 26, '', NULL, 'http://i1088.photobucket.com/albums/i329/Mockingbirdestates/Main%20Album%203/petz1362_zps2jxipgch.gif', ''),
(105, 'Candy', 'RKO Candycane Heaven', 11, 'Blue Roan', 'AAge', 46, 2, 6, 3, 3, 3, 70, 66, 60, 57, 63, 65, 70, 66, 61, 63, 22, 32, 5, '7.0', '12.0', 14, 12, 19, 15, 17, 23, 26, 'Race records lost before 2010\r\n\r\nOffspring:\r\nRKO/HT Pop The Cork At Londonberry - Flicka 10-12f -by Londonberry We&#039;er All A Bit Mad - Corkscrew - G2 12-16f', NULL, 'http://i289.photobucket.com/albums/ll233/RKOpetz/Racers/candyhomesmall.png', 'http://i289.photobucket.com/albums/ll233/RKOpetz/Racers/candytrnrider.png'),
(106, 'Flicka', 'RKO/HT Pop The Cork At Londonderry', 11, 'Grey', 'aAGg', 46, 1, 6, 3, 2, 2, 66, 60, 65, 58, 61, 60, 60, 62, 62, 60, 8, 22, 37, '10.0', '16.0', 13, 13, 19, 15, 18, 23, 26, 'Sr: Londonderry We&#039;er All A Bit Mad - Corkscrew 12-16f\r\ndm: RKO Candycane Heaven - Candy', NULL, 'http://i289.photobucket.com/albums/ll233/RKOpetz/Racers/flickahomesmall.png', 'http://i289.photobucket.com/albums/ll233/RKOpetz/Racers/flickarider1.png'),
(107, 'Flare', 'GM&#039;s Flying Expectation', 11, 'Liver Chestnut', 'AaZZ', 46, 2, 5, 3, 44, 44, 64, 60, 57, 60, 67, 65, 62, 61, 61, 61, 4, 32, 5, '7.0', '12.0', 12, 14, 19, 16, 18, 23, 26, 'I think she was hex painted by Hworse(not sure)', NULL, 'http://i289.photobucket.com/albums/ll233/RKOpetz/Racers/flarehomesmall.png', ''),
(108, 'Selene', 'RKO Haven Kats Selene', 11, 'Bay', 'AAee', 46, 1, 7, 3, 3, 3, 66, 62, 61, 61, 62, 60, 61, 61, 61, 59, 11, 15, 27, '10.0', '16.0', 12, 14, 19, 16, 18, 23, 26, 'Offspring: \r\nRKO Haven Kats Sickle by RKO Haven Phalaris -  Owner: Angora\r\nDark Winter by RKO Haven Kats Phalaris', NULL, 'http://i289.photobucket.com/albums/ll233/RKOpetz/Racers/selenehomesmall.png', ''),
(109, 'War Admiral', 'RKO Haven War Admiral', 10, 'Dark Bay', 'AAeE', 45, 3, 7, 3, 3, 3, 80, 81, 80, 68, 80, 69, 78, 73, 70, 68, 16, 36, 34, '7.0', '12.0', 14, 12, 19, 16, 18, 23, 26, 'Sired by RKO Kats Man O War out of RKO Haven Kats Brushup', NULL, 'http://i289.photobucket.com/albums/ll233/RKOpetz/Racers/fleethomesmall.png', 'http://i289.photobucket.com/albums/ll233/RKOpetz/Racers/fleetrace2xcf.png'),
(110, 'Zenyanotte', 'Hard Tack Sheza Tigress at RKO', 11, 'Brindle Bay', 'EEAABr', 59, 2, 6, 3, 2, 2, 74, 67, 67, 57, 62, 63, 66, 67, 67, 64, 32, 12, 28, '8.0', '12.0', 13, 13, 19, 16, 18, 23, 26, 'by: Mockingbird Two Minutes To Midnight EE - Mezzanotte - GIII 10-12f\r\nout of: Hard Tack Catch Me If You Can EeAA - Zenyatta - GI 8-10f', NULL, 'http://i289.photobucket.com/albums/ll233/RKOpetz/Racers/zenyanottehomesmall.png', 'http://i289.photobucket.com/albums/ll233/RKOpetz/Racers/zenyanotteridera.png'),
(111, 'Pearl', 'Blue Jay Treasured Pearl at RKO', 11, 'Cremello', 'eeAaCrCr', 46, 1, 5, 3, 21, 21, 58, 54, 53, 61, 63, 60, 61, 58, 57, 58, 10, 17, 23, '5.0', '9.0', 13, 13, 19, 16, 18, 23, 26, '', NULL, 'http://i289.photobucket.com/albums/ll233/RKOpetz/Racers/pearlhomesmall.png', 'http://i289.photobucket.com/albums/ll233/RKOpetz/Racers/pearlrace1.png'),
(112, 'Phar South', 'Hard Tack Phar South at RKO', 11, 'Palmino/Bright Chestnut', 'EeAanCrGg', 46, 2, 8, 3, 2, 2, 71, 63, 64, 60, 62, 58, 58, 65, 67, 64, 9, 31, 37, '7.0', '12.0', 13, 13, 19, 15, 18, 23, 26, 'by Mockingbird The red Terror - Phar Lap ee 6-10f\r\nought of Mockingbird Belle of the Ball - Southern Dancer EeCrCr 8-12f', NULL, 'http://i289.photobucket.com/albums/ll233/RKOpetz/Racers/pharsouthhomesmall.png', 'http://i289.photobucket.com/albums/ll233/RKOpetz/Racers/pharsouthracearider.png'),
(113, 'Selena', 'RKO Dark Winter', 11, 'Seal Brown', 'eEAa', 45, 1, 8, 3, 3, 3, 70, 64, 64, 61, 65, 65, 63, 65, 63, 63, 9, 1, 37, '9.0', '15.0', 13, 13, 19, 15, 18, 23, 26, 'sr: RKO Haven Kats Phalaris 7-12f\r\ngrdsr: RKO Haven Kats Polymelus 10-16f\r\ngrddm: RKO Haven Bromus 7-12f\r\ndm: RKO Haven Kats Selene 10-16f\r\nprts: RKO Haven Stock\r\ngrdprts: Manda V2.7 Stock', NULL, 'http://i289.photobucket.com/albums/ll233/RKOpetz/Racers/selenahomesmall.png', 'http://i289.photobucket.com/albums/ll233/RKOpetz/Racers/selenarace.png'),
(114, 'La Chica', 'RKO Haven La Chica', 11, 'Dark Grey', 'EeAAGg', 46, 2, 6, 3, 3, 3, 65, 68, 62, 60, 63, 61, 63, 64, 65, 61, 36, 10, 34, '10.0', '16.0', 13, 13, 19, 15, 17, 23, 26, 'RKO Haven Sweep 7-12f x RKO Kats La Grizette 5-9f\r\n\r\nOffspring: \r\nRKO Haven Miyako 7-12f by RKO Kats John P Grier 7-12f', NULL, 'http://i289.photobucket.com/albums/ll233/RKOpetz/Racers/lachicahomesmall.png', ''),
(115, 'La Grizette(Zettie)', 'RKO Kats La Grizette', 11, 'Blue Roan', 'EeaARr', 46, 1, 5, 3, 3, 3, 62, 57, 62, 54, 57, 56, 56, 57, 60, 59, 10, 17, 23, '5.0', '10.0', 13, 13, 19, 15, 18, 23, 26, 'Offspring:\r\nRKO Haven La Chica 10-16f', NULL, 'http://i289.photobucket.com/albums/ll233/RKOpetz/Racers/zettiehomesmall.png', 'http://i289.photobucket.com/albums/ll233/RKOpetz/Racers/zettierider.png'),
(116, 'Bugs', 'What&#039;s Up Doc', 10, 'Steel grey overo', 'Ee aa Gg Oo', 45, 2, 8, 51, 51, 51, 77, 73, 71, 62, 64, 63, 63, 64, 62, 63, 9, 12, 34, '7.0', '11.0', 13, 13, 19, 15, 17, 23, 25, '', 'http://seeingstars.boards.net/thread/5028/ribbon-paperbarks-doc', 'http://i871.photobucket.com/albums/ab278/lbsgirl24/Halt_zpsn9gduvoh.png', 'http://i67.tinypic.com/amcuib.png'),
(117, 'Adalard', 'Mockingbird Kats Noble Knight', 10, 'Black', 'eeAA', 46, 1, 6, 3, 21, 21, 62, 60, 58, 58, 58, 56, 57, 61, 56, 52, 18, 16, 6, '10.0', '16.0', 12, 14, 19, 16, 18, 23, 26, '', NULL, 'http://i289.photobucket.com/albums/ll233/RKOpetz/Racers/adalardhomesmall.png', 'http://i289.photobucket.com/albums/ll233/RKOpetz/Racers/adalardrider.png'),
(118, 'Jewel', 'HS/RKO Triple Crown Jewel', 11, 'Bay', 'eeAa', 46, 2, 8, 3, 44, 44, 69, 65, 65, 63, 68, 63, 65, 67, 67, 65, 10, 36, 34, '5.0', '9.0', 12, 14, 19, 15, 18, 23, 26, 'Wildfire is the breeder and Hexer of Jewel', NULL, 'http://i289.photobucket.com/albums/ll233/RKOpetz/Racers/jewelhomesmall.png', 'http://i289.photobucket.com/albums/ll233/RKOpetz/Racers/jewelrider.png'),
(119, 'Apparition', '', 10, 'Grey Smoky Black', 'EE/aa/nCr/Gg', 45, 2, 5, 27, 44, 2, 69, 69, 69, 60, 69, 68, 65, 69, 69, 67, 22, 17, 7, '9.0', '14.0', 13, 13, 22, 16, 17, 24, 26, '', 'http://seeingstars.boards.net/thread/4158/ribbon-apparition-hard-tack-unexpected', 'http://i298.photobucket.com/albums/mm262/jewellzc/Apparition.png', 'http://i298.photobucket.com/albums/mm262/jewellzc/ApparitionR.png'),
(120, 'Bolo', '', 10, 'Dark Bay', 'EE/Aa', 45, 2, 8, 27, 44, 1, 69, 68, 68, 62, 64, 69, 64, 63, 66, 65, 16, 26, 23, '8.0', '12.0', 12, 14, 22, 15, 17, 24, 25, '', 'http://seeingstars.boards.net/thread/4167/ribbon-bolo-haubings-twist-fate', 'http://i298.photobucket.com/albums/mm262/jewellzc/Bolo.png', 'http://i298.photobucket.com/albums/mm262/jewellzc/BoloR.png'),
(121, 'Chantilly', '', 11, 'White', 'Ee/aa/Ww/nSb/nSpl', 45, 2, 8, 27, 44, 27, 72, 69, 70, 61, 68, 67, 66, 68, 66, 68, 31, 12, 23, '5.0', '10.0', 14, 12, 22, 15, 17, 24, 26, '', 'http://seeingstars.boards.net/thread/4166/ribbon-chantilly-white-lace', 'http://i298.photobucket.com/albums/mm262/jewellzc/Chantilly.png', 'http://i298.photobucket.com/albums/mm262/jewellzc/ChantillyR.png'),
(122, 'Charisma', '', 11, 'Bay', 'Ee/AAt', 45, 2, 6, 27, 44, 27, 82, 74, 74, 64, 71, 68, 67, 66, 69, 70, 4, 33, 34, '7.0', '12.0', 14, 12, 22, 15, 18, 24, 25, '', 'http://seeingstars.boards.net/thread/4155/ribbon-charisma-charismatic', 'http://i298.photobucket.com/albums/mm262/jewellzc/Charisma.png', 'http://i298.photobucket.com/albums/mm262/jewellzc/CharismaR.png'),
(123, 'Delirium', '', 10, 'Black', 'EE/aa', 46, 1, 8, 27, 44, 21, 69, 64, 62, 56, 62, 61, 59, 61, 57, 58, 32, 21, 14, '8.0', '13.0', 14, 12, 22, 15, 17, 24, 25, '', 'http://seeingstars.boards.net/thread/5482/delirium-bluejay-unbalanced', 'http://i298.photobucket.com/albums/mm262/jewellzc/Delirium.png', 'http://i298.photobucket.com/albums/mm262/jewellzc/DeliriumR.png'),
(124, 'Honestly', '', 11, 'Grey Black Sabino', 'Ee/aa/GG/SbSb', 45, 2, 8, 27, 44, 52, 80, 74, 73, 69, 70, 66, 67, 66, 67, 68, 16, 33, 14, '8.0', '12.0', 14, 12, 22, 15, 17, 24, 26, '', 'http://seeingstars.boards.net/thread/4157/ribbon-honestly-kings-silver-luck', 'http://i298.photobucket.com/albums/mm262/jewellzc/Honestly.png', 'http://i298.photobucket.com/albums/mm262/jewellzc/HonestlyR.png'),
(125, 'Mesmerize', '', 11, 'Buckskin', 'EE/Aa/nCr', 46, 1, 8, 27, 44, 51, 69, 62, 67, 64, 62, 62, 62, 58, 57, 61, 32, 16, 14, '7.0', '12.0', 14, 12, 22, 16, 17, 24, 26, '', 'http://seeingstars.boards.net/thread/5016/mesmerize-paperbarks-enchantress', 'http://i298.photobucket.com/albums/mm262/jewellzc/Mesmerize.png', 'http://i298.photobucket.com/albums/mm262/jewellzc/MesmerizeR.png'),
(126, 'Motive', '', 10, 'Black', 'EE/aa', 45, 2, 7, 27, 44, 27, 73, 74, 70, 68, 67, 64, 63, 64, 64, 63, 11, 25, 13, '6.0', '11.0', 14, 12, NULL, 15, 17, 23, 25, '', 'http://seeingstars.boards.net/thread/4154/ribbon-motive-means-opportunity', 'http://i298.photobucket.com/albums/mm262/jewellzc/Motive.png', 'http://i298.photobucket.com/albums/mm262/jewellzc/MotiveR.png'),
(127, 'Pagan', '', 10, 'Dark Chestnut Tovero', 'ee/A+a/TT/nO', 46, 1, 7, 27, 44, 46, 67, 62, 67, 60, 62, 60, 59, 59, 59, 58, 33, 25, 14, '9.0', '14.0', 14, 12, NULL, 15, 17, 24, 25, '', 'http://seeingstars.boards.net/thread/5480/pagan-ps-untamed', 'http://i298.photobucket.com/albums/mm262/jewellzc/Pagan.png', 'http://i298.photobucket.com/albums/mm262/jewellzc/PaganR.png'),
(128, 'Shared Belief', '', 9, 'Seal Brown', 'Ee/Ata', 46, 1, 8, 27, 44, 2, 68, 64, 63, 60, 62, 61, 60, 58, 58, 64, 3, 10, 23, '6.0', '10.0', 14, 12, 22, 15, 17, 24, 25, '', 'http://seeingstars.boards.net/thread/5014/shared-belief-hard-tack-heartbroken', 'http://i298.photobucket.com/albums/mm262/jewellzc/SharedBelief.png', 'http://i298.photobucket.com/albums/mm262/jewellzc/SBR.png'),
(129, 'Songbird', '', 11, 'Dark Bay', 'Ee/AA', 46, 1, 7, 27, 44, 27, 70, 69, 64, 64, 62, 64, 63, 62, 61, 63, 11, 25, 5, '6.0', '11.0', 14, 12, NULL, 15, 17, 24, 25, '', 'http://seeingstars.boards.net/thread/4464/songbird-dare-fly', 'http://i298.photobucket.com/albums/mm262/jewellzc/Songbird.png', 'http://i298.photobucket.com/albums/mm262/jewellzc/SongbirdR.png'),
(130, 'Vain', '', 10, 'Chestnut Sabino', 'ee/Ata/nSb', 46, 1, 8, 27, 44, 2, 69, 64, 61, 60, 62, 61, 59, 57, 58, 61, 32, 12, 6, '11.0', '16.0', 12, 14, NULL, 15, 17, 24, 25, '', 'http://seeingstars.boards.net/thread/4977/vain-hard-tack-narcissistic', 'http://i298.photobucket.com/albums/mm262/jewellzc/Vain.png', 'http://i298.photobucket.com/albums/mm262/jewellzc/VainR.png'),
(131, 'Warpaint', '', 10, 'Chestnut Splash Overo', 'ee/Aa/nO/SplSpl', 45, 2, 8, 27, 44, 44, 69, 69, 69, 66, 69, 64, 65, 64, 64, 67, 32, 33, 6, '11.0', '16.0', 12, 14, 22, 16, 18, 24, 26, '', 'http://seeingstars.boards.net/thread/4159/ribbon-warpaint-garthurs-battle-cry', 'http://i298.photobucket.com/albums/mm262/jewellzc/Warpaint.png', 'http://i298.photobucket.com/albums/mm262/jewellzc/WarpaintR.png'),
(132, 'Adrienne', 'RKO Haven Kats Adrienne', 11, 'Chestnut/sorral', 'Eeaa', 46, 1, 7, 3, 3, 3, 52, 50, 51, 50, 51, 50, 52, 50, 51, 50, 16, 29, 6, '10.0', '16.0', 12, 14, 19, 16, 18, 23, 26, 'Training: RKO Haven Center\r\nNot raced yet\r\nOffspring:\r\nRKO Haven Kats Ariadne 10-20f', NULL, 'http://i289.photobucket.com/albums/ll233/RKOpetz/Racers/adriennehomesmall.png', 'http://i289.photobucket.com/albums/ll233/RKOpetz/Racers/adriennerace.png'),
(133, 'Tetarch', 'RKO Haven The Tetarch', 10, 'Blue Roan/grey', 'eeAaRr', 46, 1, 5, 3, 3, 3, 50, 50, 50, 50, 50, 50, 50, 50, 50, 50, 9, 25, 28, '12.0', '18.0', 13, 13, 19, 16, 18, 23, 26, 'Not raced yet - will be back to fix his stats\r\nSire: RKO Kats Roi Herode 5-9f\r\nDam: RKO Haven Vahren 8-15f', NULL, 'http://i289.photobucket.com/albums/ll233/RKOpetz/Racers/tetarchhomesmall.png', 'http://i289.photobucket.com/albums/ll233/RKOpetz/Racers/archeyracerider.png'),
(134, 'Ariadne', 'RKO Haven Kats Ariadne', 11, 'Liver Chestnut', 'EeAA', 46, 1, 7, 3, 3, 3, 50, 50, 50, 50, 50, 50, 50, 50, 50, 50, 32, 16, 6, '10.0', '16.0', 12, 14, 19, 16, 18, 23, 26, 'Not raced yet - will be back to fix stats\r\nSire: RKO Kats Light Brigade 7-12f\r\nDam: RKO Haven Kats Adrienne 12 -20f\r\nOffspring:\r\nRKO Haven Discovery 8-15f', NULL, 'http://i289.photobucket.com/albums/ll233/RKOpetz/Racers/ariadnehomesmall.png', 'http://i289.photobucket.com/albums/ll233/RKOpetz/Racers/ariadnerider.png'),
(135, 'Audience', 'RKO Haven Audience', 11, 'Chestnut', 'EEAa', 46, 1, 6, 3, 3, 3, 51, 51, 50, 50, 50, 50, 50, 50, 50, 50, 9, 22, 37, '10.0', '17.0', 13, 13, 19, 15, 18, 23, 26, 'Not raced yet - will be back to fix Stats\r\nOffspring:\r\nRKO Kats Whisk Broom 12-18f by RKO Haven Broomstick 10-16f', NULL, 'http://i289.photobucket.com/albums/ll233/RKOpetz/Racers/audiencehomesmall.png', 'http://i289.photobucket.com/albums/ll233/RKOpetz/Racers/audiencerider.png'),
(136, 'Barbaro', 'RKO Haven Barbaro&#039;s Image', 10, 'Bay', 'EeAA', 46, 3, 7, 3, 3, 3, 81, 82, 79, 60, 73, 62, 77, 80, 76, 62, 25, 29, 6, '10.0', '18.0', 12, 14, 19, 16, 18, 23, 26, 'Pedigree in progress', NULL, 'http://i289.photobucket.com/albums/ll233/RKOpetz/Racers/Barbarohomenkatsmalla.png', 'http://i289.photobucket.com/albums/ll233/RKOpetz/Racers/barbarorider.png'),
(137, 'Beloved', 'RKO Haven Kats Beloved', 11, 'Bay', 'eEAA', 46, 1, 5, 3, 3, 44, 50, 50, 50, 50, 50, 50, 50, 50, 50, 50, 17, 22, 37, '12.0', '16.0', 13, 13, 19, 16, 18, 23, 26, 'Hex painted by Garthur\r\nSire: RKO Kats Whisk Broom 12-17f\r\nBroomstick 11-18f x Audience 10 -18f\r\nDam: RKO Haven Bill And Coo 7-12f\r\nHelmet 11-18f x Padula 5-9f\r\nNot raced yet - will be back to fix stats\r\nOffspring:\r\nRKO Kats American Sniper 7-15f colt by American Flag\r\nRKO Kats Lady Glory 7-15f filly by American Flag\r\nRKO Kats American Hero 7-15f by American Flag\r\nRKO Kats American Nobility 7-15f by American Flag', NULL, 'http://i289.photobucket.com/albums/ll233/RKOpetz/Racers/belovedhomesmall.png', 'http://i289.photobucket.com/albums/ll233/RKOpetz/Racers/belovedrider.png'),
(138, 'Billy Whisk', 'RKO Haven Billy Whisk', 10, 'Seal Brown', 'eEAA', 46, 1, 5, 3, 3, 3, 58, 55, 60, 59, 58, 58, 57, 58, 59, 58, 17, 9, 27, '10.0', '17.0', 13, 13, 19, 16, 18, 23, 26, 'sr: RKO Kats Whisk Broom 12-17f\r\nRKO Haven Broomstick 11-17f x RKO Haven Audience 10-16f\r\ndm: RKO Haven Bill And Coo 7-12f\r\nRKO Haven Kats Helmet 11-17f x RKO Haven Kats Padula 5-9f\r\nTraining:\r\nRKO Haven Center - 3 stamina, 2 staying plus 2 fierce, 2 breaking and 2 response\r\nRKO Haven Center - 4 breaking, 2 power, 3 feel plus 2 fierce, 2 courage and 2 response\r\nHard Tack Center - 3 feel, 4 tenacity, 3 courage, 3 response - plus 3 power, 2 speed\r\nMockingbird Center - 3 speed, 2 power, 1 response + 3 breaking and 2 stamina\r\nHard Tack Center - 4 stamina, 3 staying - plus 3 fierce, 2 feel', NULL, 'http://i289.photobucket.com/albums/ll233/RKOpetz/Racers/billywhiskhomesmall.png', 'http://i289.photobucket.com/albums/ll233/RKOpetz/Racers/billytack.png'),
(139, 'Broomstick', 'RKO Haven Broomstick', 10, 'Brown/Bay', 'eeAA', 46, 1, 5, 3, 3, 3, 50, 50, 50, 50, 50, 50, 50, 50, 50, 50, 25, 17, 34, '11.0', '18.0', 12, 14, 19, 16, 17, 23, 26, 'not raced yet - will be back to fix stats\r\nOffspring:\r\nRKO Kats Whisk Broom out of RKO Haven Audience', NULL, 'http://i289.photobucket.com/albums/ll233/RKOpetz/Racers/Broomstickhomesmall.png', 'http://i289.photobucket.com/albums/ll233/RKOpetz/Racers/broomstickrider.png'),
(140, 'Cicuta', 'RKO Haven Kats Cicuta', 11, 'Brown/Bay', 'eeAA', 46, 1, 5, 3, 3, 3, 50, 50, 50, 50, 50, 50, 50, 50, 50, 50, 17, 9, 34, '10.0', '17.0', 13, 13, 19, 15, 18, 23, 26, 'not raced yet - will be back to fix stats\r\nOffspring:\r\nRKO Haven Kats Display by RKO Kats Fair Play', NULL, 'http://i289.photobucket.com/albums/ll233/RKOpetz/Racers/cicutahomesmall.png', 'http://i289.photobucket.com/albums/ll233/RKOpetz/Racers/cicutarider.png'),
(141, 'Commando', 'RKO Havens Commando', 10, 'Black', 'eEAA', 45, 1, 5, 3, 3, 3, 50, 50, 50, 50, 50, 50, 50, 50, 50, 50, 17, 25, 5, '10.0', '17.0', 13, 13, 19, 16, 18, 23, 26, 'not raced yet - will be back to fix stats\r\nOffspring:\r\nRKO Kats Command Run out of Running Stream\r\nRKO Haven Kats Ultimus', NULL, 'http://i289.photobucket.com/albums/ll233/RKOpetz/Racers/commandohomesmall.png', 'http://i289.photobucket.com/albums/ll233/RKOpetz/Racers/commandorace.png'),
(142, 'Discovery', 'RKO Haven Discovery', 10, 'Chestnut', 'EEaa', 45, 1, 8, 3, 3, 3, 50, 50, 50, 50, 50, 50, 50, 50, 50, 50, 9, 16, 37, '8.0', '15.0', 13, 13, 19, 16, 18, 23, 26, 'Sire: RKO Haven Kats Display\r\nFair Play x Cicuta\r\nDam: RKO Haven Kats Ariadne\r\nLight Brigade x Adrienne\r\nnot raced yet - will be back to fix stats\r\nOffspring:\r\nRKO Haven Geisha out of RKO Haven Miyako', NULL, 'http://i289.photobucket.com/albums/ll233/RKOpetz/Racers/discoveryhomesmall.png', 'http://i289.photobucket.com/albums/ll233/RKOpetz/Racers/discoveryrace.png'),
(143, 'Geisha', 'RKO Haven Geisha', 11, 'Blue Roan/Grey', 'eeRrgg', 45, 1, 7, 3, 3, 3, 60, 59, 56, 52, 60, 61, 60, 59, 59, 56, 11, 25, 5, '10.0', '16.0', 14, 12, 19, 16, 18, 23, 26, 'by RKO Haven Discovery 8-15f\r\nDisplay 7-12f x Ariadne 10-16f\r\nout of RKO Haven Miyako 7-12f\r\nJohn P Grier 7-12f x La Chica 10-16f\r\nTraining:\r\nRKO Training Center - 2 feel, 3 tenacity, 2 courage, 2 response plus 2 fierce, 2 breaking &amp; 2 response\r\nHard Tack Center - 3 feel, 4 tenacity, 3 courage, 3 response - plus 3 power, 2 fierce\r\nMockingbird Center - 3 stamina, 2 staying + 3 feel and 2 power\r\nHard Tack Center - 4 speed, 3 power, 2 response plus 3 courage, 2 feel\r\nOffspring:\r\nRKO Native Dancer - Nate 7-12f by RKO Haven Polynesian 7-12f', NULL, 'http://i289.photobucket.com/albums/ll233/RKOpetz/Racers/geishahomesmall.png', 'http://i289.photobucket.com/albums/ll233/RKOpetz/Racers/geisharider.png'),
(144, 'Helmet', 'RKO Haven Kats Helmet', 10, 'Liver Chestnut/Brown', 'Eeaa', 46, 1, 7, 3, 3, 3, 50, 50, 50, 50, 50, 50, 50, 50, 50, 50, 32, 22, 34, '11.0', '18.0', 12, 14, 19, 16, 18, 23, 26, 'not raced yet - will be back to fix stats\r\nOffspring:\r\nRKO Haven Bill And Coo out of RKO Haven Kats Padula\r\nRKO Haven Kats Armor out of RKO Haven Kats Padula\r\nRKO Haven Kats Helles out of RKO Haven Kats Padula', NULL, 'http://i289.photobucket.com/albums/ll233/RKOpetz/Racers/helmethomesmall.png', 'http://i289.photobucket.com/albums/ll233/RKOpetz/Racers/helmetrace.png'),
(145, 'Polymelus', 'RKO Haven Kats Polymelus', 10, 'Bay', 'eEAa', 46, 1, 7, 3, 3, 3, 50, 50, 50, 50, 50, 50, 50, 50, 50, 50, 29, 12, 13, '10.0', '16.0', 13, 13, 19, 15, 18, 23, 26, 'Foundation Thoroughbred Stallion', NULL, 'http://i289.photobucket.com/albums/ll233/RKOpetz/Racers/polymelushomesmall.png', 'http://i289.photobucket.com/albums/ll233/RKOpetz/Racers/polymelusrace.png'),
(146, 'Pompey', 'RKO Haven Kats Pompey', 10, 'Bay', 'eeAA', 45, 1, 7, 3, 3, 3, 50, 50, 50, 50, 50, 50, 50, 50, 50, 50, 9, 32, 27, '10.0', '17.0', 13, 13, 19, 15, 18, 23, 26, 'Not raced yet - will be back to fix stats\r\nOffspring:\r\nRKO Dark Knight - Landon(owner: Polluted Stables) out of RKO Kats Black Maria\r\nRKO Kats Black Queen out of RKO Kats Black Maria', NULL, 'http://i289.photobucket.com/albums/ll233/RKOpetz/Racers/pompeyhomesmall.png', ''),
(147, 'Gentiva', '', 11, 'Palomino', 'ee/Crcr', 45, 3, 6, 21, 21, 21, 80, 71, 71, 62, 74, 65, 67, 75, 72, 72, 31, 36, 23, '5.0', '8.0', 13, 13, 22, 15, 18, 24, 25, '', NULL, 'http://i1088.photobucket.com/albums/i329/Mockingbirdestates/Main%20Album%203/petz1439_zpsxawf5lga.gif', ''),
(148, 'Reverence', '', 11, '', '', 46, 2, 44, 2, 44, 44, 0, 0, 0, 0, 0, 0, 0, 0, 0, 0, 44, 44, 44, '0.0', '0.0', 44, 44, 44, 44, 44, 44, 44, '', NULL, '', ''),
(150, 'Southern Dancer', 'Belle of the Ball', 11, 'Smokey Cream', 'EeCrCr', 45, 3, 7, 2, 44, 21, 78, 71, 79, 71, 73, 70, 70, 74, 71, 71, 11, 31, 6, '8.0', '12.0', 12, 14, 22, 15, 18, 24, 25, '', 'http://seeingstars.boards.net/thread/440/southern-dancer-gii-1st-mare', '', ''),
(151, 'Roman Flame', '', 10, 'Bay', 'EE/Aa', 59, 2, 8, 1, 44, 53, 69, 69, 68, 64, 65, 64, 65, 65, 64, 66, 33, 10, 19, '10.0', '14.0', 12, 14, 22, 15, 17, 24, 25, 'From Neco\r\n\r\n2016\r\nOpen Level\r\n1st - Forever Your Stakes\r\n2nd - Frozen Fanatic Stakes\r\n\r\n-----------------\r\n2015\r\n\r\nOpen Level\r\n1st - Through The Woods Handicap\r\n2nd - Coolmore Stakes\r\n3rd - Number of the Beast Handicap\r\n4th - Lost Native Handicap\r\n5th - Hearts and Handicaps Stakes\r\n7th - See You Again Stakes\r\n\r\nAllowance/Optional Claiming\r\n6th - December 25 NW x 3/AOC\r\n####\r\nMay 4 Under 70 Allowance - 10F Turf GIII ONLY - 3rd\r\nRHA May 14 Under 75 Allowance - 12F Turf GIII - 6th\r\nMay 14 Under 70 Allowance - 8F Turf GIII ONLY - 2nd\r\nJune 3 Under 75 Allowance - 8F Dirt GIII - 13th', NULL, '/img/stall-pics/Roman-Flame.png', 'http://shashka-idirae.rhcloud.com/img/racing-form/roman-flame.png'),
(152, 'Black Sails', 'Wrath of Poseidon', 10, 'Grey Bay', 'EE/Aa/Gg', 59, 2, 8, 1, 2, 2, 71, 67, 70, 63, 64, 63, 63, 63, 63, 64, 9, 16, 34, '8.0', '12.0', 13, 13, 44, 15, 17, 24, 26, '2015\r\n\r\nOpen Level\r\n1st - Watercolor Stakes\r\n1st - Mystic Vision Stakes\r\n2nd - Honor and Serve Handicap\r\n2nd - Dubai Carnival Stakes\r\n2nd - Writer&#039;s Block Handicap\r\n3rd - So You Think Handicap\r\n4th - Hard Not To Like Handicap\r\n4th - Meydan Derby\r\n4th - Storm Season Handicap\r\n5th - Chrysalis Stakes\r\n5th - Stand and Deliver Handicap\r\n7th - Belmont Shuffle Stakes\r\n7th - Dubai Racing Club Stakes\r\n9th - Duke Record Stakes\r\n\r\nAllowance/Optional Claiming\r\n6th - June 22 NW x 2 Allowance/Optional Claiming\r\n\r\nMaiden Special Weight\r\n1st - Rhapsody&#039;s June 1 MSW\r\n####\r\nMay 8 Under 75 Allowance-10f-Dirt-GIII\r\nRHA May 14 Under 75 Allowance - 12F Turf GIII - 7th\r\nLouisville Handicap - 12F Turf GIII - 9th\r\nJune 3 Under 75 Allowance - 8F Dirt GIII - 9th\r\nJune 12 Under 75 Allowance - 10F Dirt GIII ONLY - 5th', NULL, '/img/stall-pics/Black-Sails.png', 'http://shashka-idirae.rhcloud.com/img/racing-form/black-sails.png'),
(153, 'Morning Star', 'Blaze of Glory', 11, 'Grey', 'EEGG', 45, 3, 7, 2, 2, 2, 79, 72, 77, 71, 70, 72, 72, 71, 71, 72, 25, 11, 5, '7.0', '10.0', 13, 13, 44, 16, 17, 24, 25, '', 'http://seeingstars.boards.net/thread/460/morning-star-gii-2nd-mare', '', ''),
(154, 'Amiguri', 'Fly Me To The Stars', 10, 'Dapple Grey', 'EEGG', 45, 4, 7, 2, 44, 44, 86, 78, 75, 74, 73, 73, 75, 76, 73, 74, 11, 29, 27, '6.0', '9.0', 13, 13, 22, 16, 17, 24, 25, '', 'http://z7.invisionfree.com/seeingstars/index.php?showtopic=10361', '', ''),
(155, 'Misty', '', 11, '', '', 45, 3, 44, 2, 44, 44, 0, 0, 0, 0, 0, 0, 0, 0, 0, 0, 44, 44, 44, '0.0', '0.0', 44, 44, 44, 44, 44, 44, 44, '', NULL, '', ''),
(156, 'Swashbuckle', 'Sword and Crown', 10, 'Bay', 'EEAA', 45, 3, 44, 2, 2, 2, 0, 0, 0, 0, 0, 0, 0, 0, 0, 0, 44, 44, 44, '0.0', '0.0', 44, 44, 44, 44, 44, 44, 44, '', 'http://seeingstars.boards.net/thread/439/swashbuckle-giii-2nd-gen-stallion', '', ''),
(157, 'Afleet Alex', 'Tough As Nails', 10, 'Bay', 'Ee/AA', 46, 1, 5, 22, 22, 22, 69, 64, 65, 55, 61, 64, 56, 60, 60, 63, 32, 12, 28, '12.0', '16.0', 13, 13, 19, 15, 18, 24, 26, '', 'http://seeingstars.boards.net/post/3793', 'http://i652.photobucket.com/albums/uu247/Jezabel94/AfleetAlex_zpsypc5w6in.png', 'http://i652.photobucket.com/albums/uu247/Jezabel94/AfleetAlexRacingPic_zpsf51299e4.png'),
(158, 'Original Bandit', 'Original Bandit', 11, 'Perlino', 'Ee/Aa/CrCr', 46, 1, 5, 47, 47, 47, 50, 50, 50, 50, 50, 50, 50, 50, 50, 50, 4, 30, 28, '9.0', '12.0', 12, 14, NULL, 16, 17, 24, 25, '', NULL, 'http://i.imgur.com/Zx0x6gQ.png', 'http://i.imgur.com/ePskRRO.png'),
(159, 'Chime', 'Twice the Bell Tolled', 11, 'Bay Pearl', 'Ee/Aa/prlprl', 46, 4, 7, 47, 47, 47, 89, 79, 76, 75, 75, 76, 76, 75, 78, 75, 17, 31, 27, '5.0', '10.0', 14, 12, 19, 15, 17, 23, 26, 'Was hexed by Hworsecrazi than by me\r\n\r\nWon 2015 champion Female Sprinter|HCh|SJCh', NULL, 'http://i.imgur.com/zIl0rTi.png', 'http://i.imgur.com/txAduS2.png'),
(160, 'Alydar', 'Best I Am', 10, 'Chestnut', 'ee', 46, 1, 5, 22, 2, 2, 73, 59, 60, 59, 60, 57, 58, 59, 58, 61, 32, 35, 27, '8.0', '12.0', 14, 12, NULL, 15, 17, 23, 25, '', 'http://seeingstars.boards.net/post/3795', 'http://i652.photobucket.com/albums/uu247/Jezabel94/Alydar_zpsdp1lipv8.png', 'http://i61.tinypic.com/2hrzhgp.jpg'),
(161, 'Amecks', 'American Eclipse', 9, 'Chestnut', 'ee', 46, 1, 8, 22, 2, 2, 74, 55, 60, 54, 63, 55, 56, 54, 59, 58, 9, 35, 23, '8.0', '12.0', 13, 13, 22, 44, 44, 23, 25, '', 'http://seeingstars.boards.net/post/3796', 'http://i652.photobucket.com/albums/uu247/Jezabel94/Amecks_zpsw28cvwv5.png', 'http://i59.tinypic.com/s3ndxz.jpg'),
(162, 'Armin', 'No Biscuit For You', 11, 'Dark Bay', 'Ee/AA', 59, 4, 6, 22, 2, 2, 85, 76, 76, 75, 75, 77, 79, 78, 79, 79, 32, 9, 37, '8.0', '12.0', 13, 13, 19, 15, 18, 23, 26, '', 'http://seeingstars.boards.net/post/3798', 'http://i652.photobucket.com/albums/uu247/Jezabel94/Armin_zpshdpwytuv.png', 'http://i42.tinypic.com/b5gmy8.jpg'),
(163, 'Barb', 'Goldstar Dream', 11, 'Black Splash Overo', 'EE/aa/nSpl', 46, 2, 8, 22, 23, 2, 80, 67, 70, 62, 63, 62, 66, 63, 63, 64, 31, 9, 34, '7.0', '12.0', 13, 13, 19, 15, 17, 24, 26, '', 'http://seeingstars.boards.net/post/3801', 'http://i652.photobucket.com/albums/uu247/Jezabel94/Barb_zpsvks1xslp.png', 'http://i652.photobucket.com/albums/uu247/Jezabel94/BarbRacingPic_zps589612c8.png'),
(164, 'Citation', 'Flying High', 10, 'Bay', 'EE/AA', 59, 2, 6, 22, 2, 2, 73, 69, 69, 70, 70, 69, 66, 67, 67, 66, 9, 1, 27, '9.0', '13.0', 14, 12, 22, 15, 17, 24, 25, '', 'http://seeingstars.boards.net/post/3811', 'http://i652.photobucket.com/albums/uu247/Jezabel94/Citation_zpsywkl27ia.png', 'http://i57.tinypic.com/2i7wuax.jpg'),
(165, 'Cloverfield', 'Luck Be A Lady', 11, 'Chestnut', 'ee', 59, 2, 5, 22, 2, 2, 72, 64, 72, 63, 65, 65, 64, 67, 70, 66, 30, 32, 27, '8.0', '10.0', 14, 12, 20, 16, 18, 23, 25, '', 'http://seeingstars.boards.net/post/3819', 'http://i652.photobucket.com/albums/uu247/Jezabel94/Cloverfield_zpscgvmgpl3.png', 'http://i59.tinypic.com/1y0p04.jpg'),
(166, 'Petra', 'No Reply', 11, 'Bay', 'EE/Aa', 45, 2, 5, 22, 22, 22, 67, 65, 66, 65, 64, 67, 65, 65, 65, 65, 32, 17, 28, '9.0', '13.0', 13, 13, NULL, 15, 18, 23, 25, '', 'http://seeingstars.boards.net/post/3864', 'http://i652.photobucket.com/albums/uu247/Jezabel94/Petra_zpsrq0roudq.png', 'http://i652.photobucket.com/albums/uu247/Jezabel94/PetraRacingPic_zps330934f6.png'),
(167, 'Sour Bells', 'Sour Bells', 10, 'White', 'Ee/Aa/Ww', 46, 1, 7, 47, 21, 21, 68, 62, 69, 64, 62, 62, 62, 62, 62, 64, 31, 25, 27, '5.0', '8.0', 13, 13, 19, 15, 18, 23, 26, '*Stats not accurate', NULL, 'http://i.imgur.com/ggZlsua.png', 'http://i.imgur.com/ggZlsua.png'),
(168, 'Royal Angel', 'Royal Angel', 11, 'Bay', 'Ee/AA', 45, 2, 7, 22, 22, 22, 80, 69, 69, 62, 63, 63, 62, 67, 62, 60, 29, 25, 14, '6.0', '10.0', 12, 14, NULL, 15, 17, 24, 26, '', 'http://seeingstars.boards.net/post/3867', 'http://i652.photobucket.com/albums/uu247/Jezabel94/RoyalAngel_zps5wq5j9ik.png', 'http://i60.tinypic.com/14uyn92.jpg'),
(169, 'Bells O War', 'Bells O War', 10, 'Chestnut', 'ee/Aa', 46, 2, 7, 47, 2, 2, 80, 73, 74, 73, 73, 72, 73, 72, 73, 73, 31, 29, 14, '6.0', '11.0', 13, 13, 19, 15, 17, 23, 25, '', NULL, 'http://i.imgur.com/kt8WEKc.png', 'http://i.imgur.com/sIYrtPr.png'),
(170, 'Seattle Chime', 'Seattle Chime', 10, 'Black', 'Ee', 46, 2, 7, 47, 47, 47, 69, 65, 63, 63, 55, 55, 63, 55, 65, 55, 31, 25, 37, '8.0', '12.0', 14, 12, NULL, 15, 17, 24, 25, '', NULL, 'http://i.imgur.com/uNvz1tR.png', 'http://i.imgur.com/uNvz1tR.png'),
(171, 'Bromus', 'RKO Haven Bromus', 11, 'Bay', 'eeAa', 46, 1, 6, 3, 3, 3, 50, 50, 50, 50, 50, 50, 50, 50, 50, 50, 9, 12, 37, '7.0', '12.0', 12, 14, 19, 15, 17, 23, 26, 'Not raced yet - will be back to fix stats\r\nOffspring:', NULL, 'http://i289.photobucket.com/albums/ll233/RKOpetz/Racers/bromushomesmall.png', 'http://i289.photobucket.com/albums/ll233/RKOpetz/Racers/bromusrace.png'),
(172, 'Bill And Coo', 'RKO Haven Bill And Coo', 11, 'Black', 'eEAA', 46, 1, 5, 3, 3, 3, 50, 50, 50, 50, 50, 50, 50, 50, 50, 50, 22, 32, 28, '7.0', '13.0', 13, 13, 19, 16, 17, 23, 26, 'Sire: RKO Haven Kats Helmet\r\nDam: RKO Haven Kats Padula\r\nNot raced yet.', NULL, 'http://i289.photobucket.com/albums/ll233/RKOpetz/Racers/billandcoohomesmall.png', ''),
(173, 'Padula', 'RKO Haven Kats Padula', 11, 'Brown,Dark Chestnut', 'EEaa', 46, 1, 5, 3, 3, 3, 50, 50, 50, 50, 50, 50, 50, 50, 50, 50, 1, 22, 28, '5.0', '10.0', 13, 13, 19, 15, 18, 23, 26, 'Not raced yet.', NULL, 'http://i289.photobucket.com/albums/ll233/RKOpetz/Racers/padulahomesmall.png', ''),
(174, 'Whisk Broom', 'RKO Kats Whisk Broom', 10, 'Brown,Dark Chestnut', 'EEaA', 46, 1, 5, 3, 3, 3, 50, 50, 50, 50, 50, 50, 50, 50, 50, 50, 4, 17, 23, '10.0', '17.0', 12, 14, 19, 16, 18, 23, 26, 'Not raced yet.', NULL, 'http://i289.photobucket.com/albums/ll233/RKOpetz/Racers/whiskbroomhomesmall.png', ''),
(175, 'Vahren', 'RKO Haven Vahren', 11, 'Chestnut', 'EEAa', 46, 1, 5, 3, 3, 3, 50, 50, 50, 50, 50, 50, 50, 50, 50, 50, 10, 25, 23, '8.0', '15.0', 14, 12, 19, 16, 18, 23, 26, 'Not raced yet.', NULL, 'http://i289.photobucket.com/albums/ll233/RKOpetz/Racers/vahrenhomesmall.png', ''),
(176, 'Roi Herode', 'RKO Kats Roi Herode', 10, 'Blue Roan/grey', 'eeAgRr', 45, 1, 7, 3, 3, 3, 60, 54, 54, 52, 57, 57, 52, 56, 60, 56, 11, 9, 34, '5.0', '9.0', 12, 14, 19, 16, 18, 23, 26, 'Training:\r\nRKO Haven Center - 2 feel, 3 tenacity, 2 courage, 2 response plus 2 fierce, 2 breaking, 2 response\r\nHard Tack Center - 4 speed, 3 power, 2 response plus 3 courage, 2 feel\r\nMockingbird Center - 3 stamina, 2 staying + 3 courage and 2 feel\r\n\r\n\r\nOffspring:\r\nRKO Haven Lady Comfey 7-12f out of RKO Haven Kats Snoot 10-16f\r\nRKO BA Sweet Roi Bramble Secrets - 6-12f out of Burning Acres&#039; Purple Dreams at Sweet Secrets GI 9-12f\r\nRKO Haven Roi Valerie at Rose Gate 6-11.5f - out of RKO Haven Vahren 8-15f owner: Angora\r\nRKO Haven Kats Lil Vahren 11-20f - out of RKO Haven Vahren 8-15f', NULL, 'http://i289.photobucket.com/albums/ll233/RKOpetz/Racers/herodehomesmall.png', 'http://i289.photobucket.com/albums/ll233/RKOpetz/Racers/heroderider.png'),
(177, 'American Flag', 'RKO Haven American Flag', 10, 'Chestnut', 'EEaA', 45, 1, 7, 3, 3, 3, 61, 61, 61, 60, 59, 58, 60, 61, 60, 64, 16, 9, 13, '7.0', '12.0', 13, 13, 19, 16, 18, 23, 26, 'sr: RKO Kats Man O War 7-12f\r\nFair Play 5-9f x Mahubah 10-16f\r\ndm: RKO Haven Lady Comfey 7-12f\r\nRoi Herode 5-9f x Snoot 10-16f\r\nOffspring:\r\nBay Colt is Sergeant, BJ/RKO American Wonder 8-13f out of Lion&#039;s Wonder{BlueJay} 8-12f Owned by Angora\r\nChestnut Filly is Nala, BJ/RKO American Lioness 8-13f out of Lion&#039;s Wonder{BlueJay} 8-12f\r\nBlack Colt is Captain, BJ/RKO American Fleet 8-13f out of Lion&#039;s Wonder{BlueJay} 8-12f', NULL, 'http://i289.photobucket.com/albums/ll233/RKOpetz/Racers/americanflaghomesmall_1.png', 'http://i289.photobucket.com/albums/ll233/RKOpetz/Racers/patriotrace4.png'),
(178, 'Lady Comfey', 'RKO Haven Lady Comfey', 11, 'Bay', 'eeAA', 46, 1, 7, 3, 3, 3, 50, 50, 50, 50, 50, 50, 50, 50, 50, 50, 16, 9, 34, '7.0', '12.0', 13, 13, 19, 16, 18, 23, 26, '', NULL, 'http://i289.photobucket.com/albums/ll233/RKOpetz/Racers/ladycomfeyhomesmall.png', ''),
(179, 'Brushup', 'RKO Haven Kats Brushup', 11, 'Bay', 'eEAA', 46, 1, 7, 3, 3, 3, 50, 50, 50, 50, 50, 50, 50, 50, 50, 50, 36, 29, 5, '5.0', '10.0', 13, 13, 19, 15, 18, 23, 26, '', NULL, 'http://i289.photobucket.com/albums/ll233/RKOpetz/Racers/brushuphomesmall.png', ''),
(180, 'Duke', 'RKO Roi Snoot Quiet Mak', 10, 'white', 'EeAaZZ', 46, 1, 5, 3, 3, 3, 65, 52, 54, 56, 65, 58, 59, 61, 61, 59, 17, 16, 28, '7.0', '12.0', 13, 13, 19, 16, 18, 23, 26, 'TRAINING:\r\nRKO Haven Center - 4 breaking, 2 power, 3 feel plus 2 fierce, 2 courage and 2 response\r\nHard Tack Center - 3 feel, 4 tenacity, 3 courage,3 response - plus 3 power, 2 speed\r\nMockingbird Center - 3 speed, 2 power, 1 response + 3 courage and 2 staying\r\nRKO Haven Center - 3 stamina, 2 staying - plus 2 fierce, 2 breaking and 2 tenacity\r\nHard Tack Center - 4 speed, 3 power, 2 response - plus 3 courage, 2 tenacity', NULL, 'http://i289.photobucket.com/albums/ll233/RKOpetz/Racers/dukehomesmall.png', 'http://i289.photobucket.com/albums/ll233/RKOpetz/Racers/dukeracetacke.png'),
(181, 'Snoot', 'RKO Haven Kats Snoot', 11, 'Bay', 'EeAa', 46, 1, 8, 3, 3, 3, 50, 50, 50, 50, 50, 50, 50, 50, 50, 50, 16, 32, 34, '10.0', '17.0', 13, 13, 19, 16, 17, 23, 26, '', NULL, 'http://i289.photobucket.com/albums/ll233/RKOpetz/Racers/snoothomesmall_1.png', 'http://i289.photobucket.com/albums/ll233/RKOpetz/Racers/snootrace1_1.png'),
(182, 'Whimsy', 'BlueJay/RKO Whimsy Mahubah', 11, 'Palmino/Bright Chestnut', 'Eeaa', 46, 1, 8, 3, 21, 21, 61, 60, 60, 56, 60, 60, 55, 59, 59, 57, 17, 36, 28, '9.0', '16.0', 13, 13, 19, 16, 18, 23, 26, 'by Whimsy Red GIII 6-10f\r\nHard Tack Big Red GI 8-12f x Mockingbird Frivolous One GII 5-8F\r\nout of RKO Kats Mahubah GIII 10-16f', NULL, 'http://i289.photobucket.com/albums/ll233/RKOpetz/Racers/whimsyhomesmall.png', ''),
(183, 'Ajax', 'RKO Haven Kats Ajax', 10, 'Bay', 'eeAA', 46, 1, 6, 3, 3, 3, 50, 50, 50, 50, 50, 50, 50, 50, 50, 50, 12, 10, 37, '7.0', '12.0', 12, 14, 19, 16, 17, 23, 26, 'Not raced yet.', NULL, 'http://i289.photobucket.com/albums/ll233/RKOpetz/Racers/ajaxhomesmall.png', 'http://i289.photobucket.com/albums/ll233/RKOpetz/Racers/ajaxracea.png'),
(184, 'Captain', 'BJ/RKO American Fleet', 10, 'Black', 'eeAAgg', 45, 1, 7, 3, 3, 3, 62, 61, 60, 57, 60, 58, 56, 58, 56, 61, 31, 29, 28, '8.0', '13.0', 13, 13, 19, 16, 18, 23, 26, '4th gen. Thoroughbred Stallion\r\nSire: RKO Haven American Flag\r\nDam: BlueJay Lion&#039;s Wonder - owner Angora\r\n\r\n\r\nRKO Haven Center - 3 stamina, 2 staying - plus 2 fierce, 2 breaking, 2 tenacity\r\nHard Tack Center - 5 breaking, 3 power, 4 feel - plus 3 courage, 2 speed\r\nHard Tack Center - 4 speed, 3 power, 2 response - plus 3 courage, 2 tenacity', NULL, 'http://i289.photobucket.com/albums/ll233/RKOpetz/Racers/captainhomesmall.png', 'http://i289.photobucket.com/albums/ll233/RKOpetz/Racers/captaintack.png'),
(185, 'Amie', 'RKO Haven Kats Amie', 11, 'Bay', 'eeAA', 46, 1, 7, 3, 3, 3, 50, 50, 50, 50, 50, 50, 50, 50, 50, 50, 12, 36, 34, '7.0', '12.0', 13, 13, 19, 16, 18, 23, 26, 'Not raced yet.', NULL, 'http://i289.photobucket.com/albums/ll233/RKOpetz/Racers/Amiehome.png', 'http://i289.photobucket.com/albums/ll233/RKOpetz/Racers/amierun.png'),
(186, 'Black Polly', 'RKO Kats Black Polly', 11, 'Brown/Bay', 'eEAA', 46, 1, 7, 3, 3, 3, 50, 50, 50, 50, 50, 50, 50, 50, 50, 50, 12, 32, 14, '7.0', '12.0', 13, 13, 19, 16, 18, 23, 26, 'Sire: RKO Haven Polymelian 7-12f\r\nPolymelus 10-16f x Pasquita 5-10f\r\nDam: RKO Kats Black Queen 7-12f\r\nPompey 10-16f x Black Maria\r\nNot raced yet.', NULL, 'http://i289.photobucket.com/albums/ll233/RKOpetz/Racers/blackpollyhomesmall.png', ''),
(187, 'Display', 'RKO Haven Kats Display', 10, 'Brown/Bay', 'eEAA', 46, 1, 6, 3, 3, 3, 50, 50, 50, 50, 50, 50, 50, 50, 50, 50, 16, 9, 34, '7.0', '12.0', 13, 13, 19, 16, 18, 23, 26, 'Sire: RKO Kats Fair Play\r\nDam: RKO Haven Kats Cicuta\r\n2nd gen.\r\nNot raced yet.', NULL, 'http://i289.photobucket.com/albums/ll233/RKOpetz/Racers/displayhomesmall.png', ''),
(188, 'Blue Glass', 'RKO Kats Blue Glass', 11, 'Bay', 'eEAA', 46, 1, 7, 3, 3, 3, 50, 50, 50, 50, 50, 50, 50, 50, 50, 50, 33, 36, 5, '7.0', '12.0', 13, 13, 19, 16, 18, 23, 26, 'Sire: RKO Kats Prince Palatine 7-12f\r\nDam: RKO Haven Hour Glass 5-10f\r\n2nd gen.\r\nNot raced yet.', NULL, 'http://i289.photobucket.com/albums/ll233/RKOpetz/Racers/blueglasshomesmall.png', ''),
(189, 'Flying Fox', 'RKO Kats Flying Fox', 10, 'Bay', 'eeAA', 46, 1, 7, 3, 3, 3, 50, 50, 50, 50, 50, 50, 50, 50, 50, 50, 12, 29, 13, '7.0', '12.0', 12, 14, 19, 15, 18, 23, 26, 'Foundation Stallion\r\nNot raced yet.', NULL, 'http://i289.photobucket.com/albums/ll233/RKOpetz/Racers/flyingfoxhomesmall.png', ''),
(190, 'Humanity', 'RKO Haven Kats Humanity', 11, 'Brown,Dark Chestnut', 'EEaA', 46, 1, 8, 3, 3, 3, 50, 50, 50, 50, 50, 50, 50, 50, 50, 50, 9, 1, 34, '7.0', '12.0', 13, 13, 19, 16, 18, 23, 26, 'Sire: RKO Haven Kats Voter 10-16f\r\nDam: RKO Kats Red Cross 7-12f\r\n2nd gen.', NULL, 'http://i289.photobucket.com/albums/ll233/RKOpetz/Racers/humanityhomesmall.png', 'http://i289.photobucket.com/albums/ll233/RKOpetz/Racers/humanityrace.png'),
(191, 'John P Grier', 'RKO Kats John P Grier', 10, 'Chestnut', 'EEaA', 46, 1, 5, 3, 3, 3, 50, 50, 50, 50, 50, 50, 50, 50, 50, 50, 15, 17, 34, '0.0', '0.0', 13, 13, 19, 15, 18, 23, 26, 'Sire: RKO Kats Whisk Broom 5-10f\r\nDam: RKO Haven Kats Wonder', NULL, 'http://i289.photobucket.com/albums/ll233/RKOpetz/Racers/johnpgrierhomesmall.png', ''),
(192, 'Lady Glory', 'RKO Kats Lady Glory', 11, 'Seal Brown/Black', 'eeAA', 46, 1, 6, 3, 3, 3, 52, 51, 52, 50, 51, 50, 50, 52, 50, 50, 1, 9, 23, '7.0', '12.0', 13, 13, 19, 16, 18, 23, 26, '4th gen.', NULL, 'http://i289.photobucket.com/albums/ll233/RKOpetz/Racers/ladygloryhomesmall.png', 'http://i289.photobucket.com/albums/ll233/RKOpetz/Racers/gloryrace.png'),
(193, 'Light Brigade', 'RKO Kats Light Brigade', 10, 'Seal Brown/Black', 'eEAA', 46, 1, 7, 3, 3, 3, 50, 50, 50, 50, 50, 50, 50, 50, 50, 50, 30, 32, 6, '7.0', '12.0', 13, 13, 19, 16, 18, 23, 26, 'Foundation Stallion', NULL, 'http://i289.photobucket.com/albums/ll233/RKOpetz/Racers/lightbrigadehomesmall.png', ''),
(194, 'Black Maria', 'RKO Kats Black Maria', 11, 'Black', 'eeAA', 46, 1, 6, 3, 3, 3, 50, 50, 50, 50, 50, 50, 50, 50, 50, 50, 18, 30, 28, '7.0', '12.0', 12, 14, 19, 16, 17, 23, 26, 'Foundation Mare', NULL, 'http://i289.photobucket.com/albums/ll233/RKOpetz/Racers/blackmariahomesmall.png', ''),
(195, 'Miyako', 'RKO Haven Miyako', 11, 'Dapple Grey', 'eeGg', 46, 1, 5, 3, 3, 3, 51, 50, 52, 50, 50, 50, 52, 50, 50, 50, 17, 10, 34, '7.0', '12.0', 14, 12, 19, 15, 18, 23, 26, 'Sire: RKO Kats John P Grier 7-12f\r\nWhisk Broom 5-10f x Wonder 10-17f\r\nDam: RKO Haven La Chica 10-17f\r\nSweep 7-12f x La Grizette', NULL, 'http://i289.photobucket.com/albums/ll233/RKOpetz/Racers/miyakohomesmall.png', ''),
(196, 'Polymelian', 'RKO Haven  Polymelian', 10, 'Chestnut', 'EEaa', 46, 1, 8, 3, 3, 3, 50, 50, 50, 50, 50, 50, 50, 50, 50, 50, 9, 12, 37, '7.0', '12.0', 12, 14, 19, 16, 18, 23, 26, 'Sire: RKO Haven Kats Polymelus 10-16f\r\nDam: RKO Haven Kats Pasquita 5-10f\r\n2nd. gen. Thoroughbred Stallion', NULL, 'http://i289.photobucket.com/albums/ll233/RKOpetz/Racers/polymelianhommesmall.png', ''),
(197, 'Pasquita', 'RKO Haven Kats Pasquita', 11, 'Chestnut', 'eeAA', 46, 1, 6, 3, 3, 3, 50, 50, 50, 50, 50, 50, 50, 50, 50, 50, 10, 9, 37, '5.0', '10.0', 13, 13, 19, 15, 17, 23, 26, 'Foundation Thoroughbred Mare', NULL, 'http://i289.photobucket.com/albums/ll233/RKOpetz/Racers/pasquitahomesmall.png', ''),
(198, 'Aloysius', 'RKO Haven I&#039;ma Fighter', 10, 'Liver Chestnut/Brown', 'eEAA', 45, 3, 5, 3, 3, 3, 79, 70, 74, 65, 75, 70, 75, 70, 66, 67, 30, 32, 6, '5.0', '10.0', 14, 12, 19, 15, 17, 23, 26, 'Foundation Thoroughbred Stallion', NULL, 'http://i289.photobucket.com/albums/ll233/RKOpetz/Racers/aloysiushomesmall.png', 'http://i289.photobucket.com/albums/ll233/RKOpetz/Racers/aloysiusrider.png'),
(199, 'Bay Ronald', 'RKO Haven Bay Ronald', 10, 'Bay', 'eEAA', 46, 1, 8, 3, 3, 3, 50, 50, 50, 50, 50, 50, 50, 50, 50, 50, 3, 12, 34, '5.0', '10.0', 14, 12, 19, 15, 17, 23, 26, 'Foundation Thoroughbred Stallion', NULL, 'http://i289.photobucket.com/albums/ll233/RKOpetz/Racers/ronaldhomesmall.png', 'http://i289.photobucket.com/albums/ll233/RKOpetz/Racers/ronaldrace.png'),
(200, 'Doremi', 'RKO Haven Kats Doremi', 11, 'Chestnut', 'EEAa', 46, 1, 5, 3, 3, 3, 50, 50, 50, 50, 50, 50, 50, 50, 50, 50, 4, 10, 23, '5.0', '10.0', 14, 12, 19, 16, 18, 23, 26, 'Foundation Thoroughbred Mare', NULL, 'http://i289.photobucket.com/albums/ll233/RKOpetz/Racers/doremihomesmall.png', ''),
(201, 'Ero', 'RKO Kats For The Win', 10, 'Black', 'eeAA', 45, 1, 7, 3, 3, 3, 73, 55, 59, 53, 64, 53, 53, 64, 55, 62, 25, 31, 13, '5.0', '10.0', 14, 12, 19, 15, 18, 23, 26, 'Foundation Thoroughbred Stallion\r\nHex painted by Katann\r\nUpgraded by Cy', NULL, 'http://i289.photobucket.com/albums/ll233/RKOpetz/Racers/erohomesmall.png', ''),
(202, 'Evette', 'Diamond Legacy Kats Lucky Fire', 11, 'Light Dapple Grey', 'eeGg', 46, 1, 5, 3, 44, 44, 66, 56, 54, 55, 60, 52, 63, 57, 52, 56, 22, 17, 5, '5.0', '10.0', 13, 13, 19, 16, 18, 23, 26, 'Foundation Thoroughbred Mare\r\nBreeder: Lanah\r\nHex painted by Lanah', NULL, 'http://i289.photobucket.com/albums/ll233/RKOpetz/Racers/evetteathomesmall.png', ''),
(203, 'Hour Glass', 'RKO Haven Hour Glass', 11, 'Black', 'eeAA', 46, 1, 8, 3, 3, 3, 50, 50, 50, 50, 50, 50, 50, 50, 50, 50, 9, 36, 28, '5.0', '10.0', 13, 13, 19, 15, 18, 23, 26, 'Foundation Thoroughbred Mare', NULL, 'http://i289.photobucket.com/albums/ll233/RKOpetz/Racers/hourglasshomesmall.png', ''),
(204, 'Rondeau', 'RKO Haven Rondeau', 11, 'Bay', 'eEAA', 46, 1, 8, 3, 3, 3, 50, 50, 50, 50, 50, 50, 50, 50, 50, 50, 10, 12, 23, '5.0', '10.0', 14, 12, 19, 16, 17, 23, 26, 'Sire: RKO Haven Bay Ronald 5-10\r\nDam: RKO Haven Kats Doremi 5-10', NULL, 'http://i289.photobucket.com/albums/ll233/RKOpetz/Racers/rondeauhomesmall.png', ''),
(205, 'Mezzanotte', '', 10, 'EE', 'Black Brindle', 45, 2, 8, 21, 21, 21, 79, 69, 71, 60, 68, 63, 64, 62, 61, 66, 32, 12, 34, '10.0', '12.0', 13, 13, 21, 15, 18, 24, 25, '', NULL, 'http://i1088.photobucket.com/albums/i329/Mockingbirdestates/Main%20Album%203/petz1463_zpsrcpzdfg0.gif', ''),
(206, 'Running Stream', 'RKO Kats Running Stream', 11, 'Chestnut', 'EEaA', 46, 1, 8, 3, 3, 3, 50, 50, 50, 50, 50, 50, 50, 50, 50, 50, 9, 35, 23, '10.0', '16.0', 12, 14, 19, 15, 18, 23, 26, 'Foundation Thoroughbred Mare', NULL, 'http://i289.photobucket.com/albums/ll233/RKOpetz/Racers/runningstreamhomesmall.png', 'http://i289.photobucket.com/albums/ll233/RKOpetz/Racers/runningstreamrace_1.png'),
(207, 'Sweet Heart', 'RKO Kats Ultimit Sweet Heart', 11, 'Bright Chesrtnut', 'EEaaFlfl', 46, 1, 5, 3, 3, 3, 50, 50, 50, 50, 50, 50, 50, 50, 50, 50, 33, 1, 34, '10.0', '16.0', 13, 13, 19, 16, 17, 23, 26, '3rd gen. Thoroughbred Mare\r\nSire: RKO Haven Kats Ultimus 10-16f\r\nCommando 10-16f x Running Stream 10-16f\r\nDam: RKO Haven Kats Humanity 7-12f\r\nVoter 10-16f x Red Cross 7-12f', NULL, 'http://i289.photobucket.com/albums/ll233/RKOpetz/Racers/sweethearthomesmall_1.png', 'http://i289.photobucket.com/albums/ll233/RKOpetz/Racers/sweetheartrider_1.png'),
(208, 'Teddy', 'RKO Haven Kats Teddy', 10, 'Bay', 'eEAA', 45, 1, 5, 3, 3, 3, 50, 50, 50, 50, 50, 50, 50, 50, 50, 50, 10, 15, 28, '7.0', '13.0', 13, 13, 19, 16, 18, 23, 26, '3rd gen. Thoroughbred\r\nSire: RKO Haven Kats Ajax 7-12f\r\nFlying Fox 7-12f x Amie 7-12f\r\nDam: RKO Haven Rondeau 5-10f\r\nRKO Haven Bay Ronald 5-10f x RKO Haven Kats Dormi 5-10f', NULL, 'http://i289.photobucket.com/albums/ll233/RKOpetz/Racers/teddyhomesmall.png', 'http://i289.photobucket.com/albums/ll233/RKOpetz/Racers/teddyrace.png'),
(209, 'Voter', 'RKO Haven Kats Voter', 10, 'Chestnut', 'EEAa', 46, 1, 5, 3, 3, 3, 50, 50, 50, 50, 50, 50, 50, 50, 50, 50, 9, 17, 28, '10.0', '16.0', 12, 14, 19, 16, 18, 23, 26, 'Foundation Thoroughbred', NULL, 'http://i289.photobucket.com/albums/ll233/RKOpetz/Racers/voterhomesmall.png', 'http://i289.photobucket.com/albums/ll233/RKOpetz/Racers/voterrace.png'),
(210, 'Ultimus', 'RKO Haven Kats Ultimus', 10, 'Chestnut', 'EEaA', 46, 1, 6, 3, 3, 3, 50, 50, 50, 50, 50, 50, 50, 50, 50, 50, 35, 33, 34, '10.0', '16.0', 13, 13, 19, 15, 17, 23, 26, '2nd gen. Thoroughbred\r\nSire: RKO Haven Commando 10-16f\r\nDam: RKO Kats Running Stream 10-16f', NULL, 'http://i289.photobucket.com/albums/ll233/RKOpetz/Racers/ultimushomesmall.png', ''),
(211, 'Wonder', 'RKO Haven Kats Wonder', 11, 'Bay', 'EeAa', 46, 1, 7, 3, 3, 3, 50, 50, 50, 50, 50, 50, 50, 50, 50, 50, 3, 15, 6, '10.0', '16.0', 12, 14, 19, 16, 18, 23, 26, 'Foundation Thoroughbred', NULL, 'http://i289.photobucket.com/albums/ll233/RKOpetz/Racers/wonderhomesmall.png', 'http://i289.photobucket.com/albums/ll233/RKOpetz/Racers/wonderrace.png'),
(212, 'Sohi', 'RKO Haven Sheza Gamer', 11, 'Blue Roan/Grey', 'eeAgRr', 46, 2, 6, 3, 3, 3, 69, 61, 62, 52, 61, 63, 57, 68, 58, 60, 22, 30, 28, '10.0', '16.0', 13, 13, 19, 16, 18, 23, 26, '2nd gen. Thoroughbred Mare\r\nSire: RKO Kats Heza Hoot\r\nDam: RKO Kats Got Game - Odessa', NULL, 'http://i289.photobucket.com/albums/ll233/RKOpetz/Racers/sohihomesmall.png', ''),
(213, 'Odessa', 'RKO Kats Got Game', 11, 'Black', 'eeAa', 46, 1, 5, 3, 3, 3, 53, 51, 51, 50, 52, 50, 53, 52, 52, 51, 44, 44, 44, '10.0', '16.0', 13, 13, 19, 16, 18, 23, 26, 'Foundation Thoroughbred', NULL, 'http://i289.photobucket.com/albums/ll233/RKOpetz/Racers/odessahomesmall.png', ''),
(214, 'Hoot', 'RKO Kats Heza Hoot', 10, 'Grey/white', 'eeaaGg', 46, 1, 5, 3, 3, 3, 50, 50, 50, 50, 50, 50, 50, 50, 50, 50, 17, 30, 37, '10.0', '16.0', 13, 13, 19, 15, 18, 23, 26, 'Foundation Thoroughbred', NULL, 'http://i289.photobucket.com/albums/ll233/RKOpetz/Racers/hoothomesmall.png', 'http://i289.photobucket.com/albums/ll233/RKOpetz/Racers/hootrace.png'),
(215, 'Black Queen', 'RKO Kats Black Queen', 11, 'Seal Brown/Black', 'EeAa', 46, 1, 7, 3, 3, 3, 50, 50, 50, 50, 50, 50, 50, 50, 50, 50, 32, 30, 13, '7.0', '12.0', 12, 14, 19, 16, 18, 23, 26, '2nd gen. Thoroughbred\r\nSire: RKO Haven Kats Pompey 10-16f\r\nDam: RKO Kats Black Maria 7-12f', NULL, 'http://i289.photobucket.com/albums/ll233/RKOpetz/Racers/blackqueenhomesmall.png', ''),
(216, 'Polynesian', 'RKO Haven Polynesian', 10, 'Seal Brown/Black', 'EeAanCrGg', 46, 1, 7, 3, 3, 3, 50, 50, 50, 50, 50, 50, 50, 50, 50, 50, 33, 32, 6, '7.0', '12.0', 12, 14, 19, 16, 18, 23, 26, '3rd gen. Thoroughbred\r\nSire: RKO Haven Unbreakable 8-14f\r\nSickle 10-16f x Blue Glass 7-12f\r\nDam: RKO Kats Black Polly 7-12f\r\nPolymelian 7-12f x Black Queen 7-12f', NULL, 'http://i289.photobucket.com/albums/ll233/RKOpetz/Racers/polynesianhomesmall.png', ''),
(217, 'Red Cross', 'RKO Kats Red Cross', 11, 'Brown/Bay', 'EeAA', 46, 1, 7, 3, 3, 3, 50, 50, 50, 50, 50, 50, 50, 50, 50, 50, 9, 30, 34, '7.0', '12.0', 14, 12, 19, 16, 18, 23, 26, 'Foundation Thoroughbred', NULL, 'http://i289.photobucket.com/albums/ll233/RKOpetz/Racers/redcrosshomesmall.png', ''),
(218, 'Unbreakable', 'RKO Haven Unbreakable', 10, 'Black', 'eeAA', 45, 1, 7, 3, 3, 3, 66, 58, 60, 57, 63, 55, 56, 63, 64, 56, 11, 33, 23, '8.0', '14.0', 12, 14, 19, 16, 18, 23, 26, '3rd gen. Thoroughbred\r\nSire:RKO Haven Kats Sickle 10-16f\r\nPhalaris 8-14f x Selene 10-16f\r\nDam: RKO Kats Blue Glass 7-12f\r\nPrince Palatine 7-12f x Hour Glass 5-10f', NULL, 'http://i289.photobucket.com/albums/ll233/RKOpetz/Racers/unbreakablehomesmall.png', ''),
(219, 'Prince Palatine', 'RKO Kats Prince Palatine', 10, 'Bay', 'eEAA', 46, 1, 6, 3, 3, 3, 50, 50, 50, 50, 50, 50, 50, 50, 50, 50, 33, 9, 37, '7.0', '12.0', 12, 14, 19, 16, 17, 23, 26, 'Foundation Thoroughbred', NULL, 'http://i289.photobucket.com/albums/ll233/RKOpetz/Racers/princehomesmall.png', ''),
(220, 'Annabella', 'RKO Sheza Lucky Automatic', 11, 'Bay', 'eeAA', 45, 3, 8, 3, 3, 3, 78, 73, 72, 66, 74, 65, 69, 72, 71, 66, 25, 32, 5, '7.0', '12.0', 13, 13, 19, 16, 18, 23, 26, 'Sire: RKO/DL Heza Automatic Holiday 10 -16f\r\nDL/RKO Holiday Spice 7-12f x RKO Haven Sheza Gamer 10-16f\r\nDam: RKO Kats Fourleaf Clover 5-10f\r\nRKO Kats Pin Ball Wizard 5-10f x RKO Kats Ain&#039;t She Quahneah 5-10f', NULL, 'http://i289.photobucket.com/albums/ll233/RKOpetz/Racers/annabellahomesmall.png', ''),
(221, 'Rocket', 'RKO Burning Acres I&#039;ma Flyer', 10, 'Bay', 'eeAA', 59, 1, 7, 3, 22, 22, 58, 55, 56, 57, 57, 54, 56, 50, 53, 54, 1, 29, 13, '7.0', '13.0', 13, 13, 19, 16, 18, 23, 26, '2nd gen. Thoroughbred Stallion\r\nSire: Hard Tack Flying High - Citation 9-13f GIII\r\nDam: RKO Kats Mahubah 10-16f GII', NULL, 'http://i289.photobucket.com/albums/ll233/RKOpetz/Racers/rockethomesmall.png', 'http://i289.photobucket.com/albums/ll233/RKOpetz/Racers/rocketrace.png'),
(222, 'Otto', 'RKO/DL Heza Automatic Holiday', 10, 'Dapple Grey', 'eeAaGg', 59, 3, 5, 3, 3, 3, 77, 70, 73, 63, 72, 74, 71, 70, 70, 65, 22, 17, 28, '10.0', '16.0', 13, 13, 19, 16, 18, 23, 26, 'Sire: DL/RKO Holiday Spice - Andre 7 -12f\r\nDam: RKO Haven Sheza Gamer - Sohi 10-16f\r\nHoot 10-16f  x Odessa 10-16f', NULL, 'http://i289.photobucket.com/albums/ll233/RKOpetz/Racers/ottohomesmall.png', 'http://i289.photobucket.com/albums/ll233/RKOpetz/Racers/ottorider.png'),
(223, 'Andre', 'DL/RKO Kats Holiday Spice', 10, 'Palmino/Bright Chestnut', 'EEaaFl', 46, 1, 8, 3, 44, 44, 61, 50, 50, 54, 62, 51, 62, 50, 52, 53, 32, 25, 23, '7.0', '12.0', 14, 12, 19, 16, 18, 23, 26, 'Foundation Thoroughbred Stallion\r\nHexer: Lanah', NULL, 'http://i289.photobucket.com/albums/ll233/RKOpetz/Racers/andreathomesmall.png', 'http://i289.photobucket.com/albums/ll233/RKOpetz/Racers/andreracea.png'),
(224, 'Animosity', 'Animosity', 10, 'Black', 'EE', 59, 3, 8, 54, 44, 6, 0, 0, 0, 0, 0, 0, 0, 0, 0, 0, 12, 26, 34, '9.0', '12.0', 14, 12, 22, 15, 17, 23, 26, '', 'http://hawkstonepetz.proboards.com/board/2/animosity', 'http://i61.tinypic.com/2jacmdk.jpg', 'http://i57.tinypic.com/34r6k1t.jpg'),
(225, 'Duality', '', 10, 'Black', 'EE', 46, 4, 8, 54, 54, 54, 0, 0, 0, 0, 0, 0, 0, 0, 0, 0, 32, 22, 5, '7.0', '11.0', 13, 13, 22, 16, 17, 24, 26, '', 'http://hawkstonepetz.proboards.com/board/10/duality', '', 'http://i1102.photobucket.com/albums/g450/HawkstoneStables/Hawkstone%20Stables%20Petz/tacked_zpslhgdit2n.png'),
(226, 'Clover', 'RKO Kats Fourleaf Clover', 11, '', '', 45, 2, 6, 3, 3, 3, 69, 65, 63, 60, 64, 58, 63, 65, 60, 57, 16, 32, 23, '5.0', '10.0', 14, 12, 19, 16, 18, 23, 26, 'Foundation Thoroughbred Mare', NULL, 'http://i289.photobucket.com/albums/ll233/RKOpetz/Racers/cloverhomesmall.png', ''),
(227, 'Gwyneth', 'RKO Kats Fast Lane Gal', 11, 'Black', 'eeAA', 45, 1, 6, 3, 3, 3, 58, 56, 60, 51, 59, 54, 53, 58, 57, 57, 3, 33, 27, '7.0', '12.0', 12, 14, 19, 15, 18, 23, 26, 'Foundation Thoroughbred Mare', NULL, 'http://i289.photobucket.com/albums/ll233/RKOpetz/Racers/gwynethhomesmall.png', ''),
(228, 'Molly', 'RKO Kats Good Golly Ms Molly', 11, 'Chestnut', 'EEaA', 45, 1, 5, 3, 3, 3, 65, 56, 55, 56, 60, 56, 57, 55, 54, 54, 22, 17, 23, '5.0', '10.0', 13, 13, 19, 15, 17, 23, 26, 'Foundation Thoroughbred Mare', NULL, 'http://i289.photobucket.com/albums/ll233/RKOpetz/Racers/mollyhomesmall.png', ''),
(229, 'Laila', 'RKO Kats Laila', 11, 'Black', 'eeAA', 45, 1, 5, 3, 3, 3, 60, 57, 57, 52, 62, 60, 58, 60, 59, 62, 4, 22, 5, '7.0', '12.0', 13, 13, 19, 15, 17, 23, 26, 'Foundation Thoroughbred Mare\r\nOffspring:\r\nRKO/DL Kats Bit Of Spice at Mockingbird - Bridget 9-12f owner: Angora\r\nRKO/DL Kats Holiday Lass - Chepzibah 7-12f owner: Wildfire', NULL, 'http://i289.photobucket.com/albums/ll233/RKOpetz/Racers/Lailahomesmall.png', ''),
(230, 'American Lioness', 'BJ/RKO American Lioness( Nala )', 11, 'Chestnut', 'Eeaa', 59, 1, 7, 3, 3, 3, 65, 61, 61, 61, 61, 61, 62, 64, 61, 61, 9, 25, 28, '7.0', '13.0', 13, 13, 19, 16, 18, 23, 26, '4th gen. Thoroughbred Mare\r\nSire: RKO Haven American Flag - Patriot 7-12f\r\nRKO Kats Man O War - Warrior 7-12f x RKO Haven Lady Comfey - Fay 7-12f\r\nRKO Kats Fair Play GII 5-9f x ...... RKO Kats Herode 5-9f x\r\nRKO Kats Mahubah GII 10-16f ........ RKO Haven Kats Snoot 10-16f\r\nDam: BlueJay Lion&#039;s Wonder GIII 8-12f\r\nHard Tack Pay Your Debts - Lionheart GI 8-12f x BlueJay Sass Street Wonder GIII 8-12f\r\nHard Tack Big Red - Secretariat GI 8-12f x ....... Londonderry Never Forgive - Fleet Street GII 8-12rf x\r\nHard Tack Catch Me If You Can - Zenyatta GI 8-12f ..... Hard Tack Sassy Lassie 8-12f', NULL, 'http://i289.photobucket.com/albums/ll233/RKOpetz/Racers/nalahomesmall.png', 'http://i289.photobucket.com/albums/ll233/RKOpetz/Racers/nalaracetack.png'),
(231, 'Cahokia Sky', 'Missisipi King', 10, 'Chestnut overo medicine hat', '', 46, 1, 8, 26, 44, 2, 61, 61, 62, 55, 61, 60, 60, 59, 59, 61, 32, 15, 34, '7.0', '12.0', 13, 13, 19, 15, 18, 24, 26, 'Stall image by Neco!\r\n\r\nHe qualified to Rio Olympics in 2016 in UK Halter Qualifier &amp; UK Dressage Qualifier.', 'http://seeingstars.boards.net/thread/6626/hard-tack-missisipi-thoroughbred-stallion', 'http://i1242.photobucket.com/albums/gg522/Dirnwod/Dekada/cahokiasky_zpsnxqhothd.png', 'http://i1242.photobucket.com/albums/gg522/Dirnwod/Dekada/CahokiaRacing_zpsz4ot1lfd.png'),
(232, 'Dortmund', '', 10, 'Chestnut', 'ee', 59, 4, 7, 22, 47, 47, 86, 79, 82, 78, 78, 79, 77, 82, 82, 75, 3, 35, 37, '7.0', '11.0', 14, 12, 22, 16, 17, 24, 26, 'Hexed by Akmu as part of the 2015 Triple Crown Contestant Raffle', 'http://seeingstars.boards.net/post/16673', 'http://i652.photobucket.com/albums/uu247/Jezabel94/Dortmund_zpsjv42luof.png', 'http://i652.photobucket.com/albums/uu247/Jezabel94/DortmundRacingPic_zpsskkujd1x.png'),
(233, 'Diamond', 'My City Now', 11, 'Bay', '', 46, 1, 8, 22, 22, 22, 65, 62, 65, 60, 60, 55, 55, 64, 55, 55, 9, 16, 27, '9.0', '14.0', 14, 12, 20, 15, 17, 24, 25, '', 'http://seeingstars.boards.net/post/40328', 'http://i652.photobucket.com/albums/uu247/Jezabel94/Diamond_zpserc0llty.png', 'http://i652.photobucket.com/albums/uu247/Jezabel94/DiamondRacingPic_zpsxhrfbhaj.png'),
(234, 'Donnerzelle', '', 11, 'Black', '', 46, 1, 7, 22, 21, 21, 70, 61, 62, 53, 50, 50, 50, 57, 56, 50, 3, 35, 34, '6.0', '11.0', 14, 12, 22, 16, 17, 23, 25, '', 'http://seeingstars.boards.net/post/37587', 'http://i652.photobucket.com/albums/uu247/Jezabel94/Donner_zpsdacv4yup.png', 'http://i652.photobucket.com/albums/uu247/Jezabel94/DonnerzelleRacingPic_zpsnpmftshc.png'),
(235, 'Capricorn', 'Daredevil', 10, 'Seal Brown', 'EE/A+a', 46, 1, 6, 22, 21, 21, 64, 60, 60, 60, 62, 62, 62, 61, 61, 61, 30, 32, 19, '8.0', '10.0', 14, 12, 21, 16, 17, 23, 26, '', 'http://seeingstars.boards.net/post/36362', 'http://i652.photobucket.com/albums/uu247/Jezabel94/Cappy_zps64tqrygs.png', 'http://i652.photobucket.com/albums/uu247/Jezabel94/CapricornRacingPic_zpsspiajun0.png'),
(236, 'Fenugreek', 'Tyche', 11, 'Seal Brown', 'Ee/A+a', 46, 1, 6, 22, 21, 21, 59, 50, 69, 50, 50, 50, 59, 59, 60, 50, 30, 32, 27, '10.0', '15.0', 13, 13, 19, 16, 18, 23, 25, '', 'http://seeingstars.boards.net/post/37588', 'http://i652.photobucket.com/albums/uu247/Jezabel94/Fen_zpsgcnac9yt.png', 'http://i652.photobucket.com/albums/uu247/Jezabel94/FenRacingPic_zps6yp18swi.png'),
(237, 'Boudicca', 'Lady of Briton', 11, 'Grey', 'EE/Aa/GG', 45, 2, 5, 22, 22, 22, 69, 68, 69, 66, 68, 68, 69, 69, 67, 69, 1, 4, 23, '6.0', '10.0', 13, 13, 21, 15, 18, 24, 25, '', 'http://seeingstars.boards.net/post/38537', 'http://i652.photobucket.com/albums/uu247/Jezabel94/Boudicca_zpsrd7kgkzx.png', 'http://i652.photobucket.com/albums/uu247/Jezabel94/BoudiccaRacingPic_zps3bjjpty8.png'),
(238, 'Game On Dude', 'My Buddy My Guy', 9, 'Bay', 'Ee/AA', 46, 2, 7, 22, 2, 2, 66, 63, 62, 63, 63, 63, 64, 64, 66, 66, 11, 3, 14, '8.0', '11.0', 14, 12, 22, 16, 17, 23, 26, '', 'http://seeingstars.boards.net/post/29451', 'http://i652.photobucket.com/albums/uu247/Jezabel94/TheDude_zpsq0rqbavy.png', 'http://i652.photobucket.com/albums/uu247/Jezabel94/GameOnDudeRacingPic_zpskats0sgw.png'),
(239, 'Lava Man', '', 9, 'Bay', '', 46, 1, 8, 22, 2, 2, 63, 60, 60, 60, 62, 63, 59, 59, 61, 59, 3, 32, 19, '8.0', '11.0', 13, 13, 21, 15, 17, 23, 26, '', 'http://seeingstars.boards.net/post/29452', 'http://i652.photobucket.com/albums/uu247/Jezabel94/LavaMan_zpspwioexxt.png', 'http://i652.photobucket.com/albums/uu247/Jezabel94/LavaManRacingPic_zps1flebtks.png'),
(240, 'Kismet', 'I&#039;m Your Destiny', 11, 'Bay', '', 46, 1, 6, 22, 50, 50, 64, 61, 59, 55, 62, 62, 59, 59, 65, 62, 16, 35, 27, '5.0', '9.0', 14, 12, 21, 15, 17, 24, 25, '', 'http://seeingstars.boards.net/post/24475', 'http://i652.photobucket.com/albums/uu247/Jezabel94/Kismet_zpsoaoxhmca.png', 'http://i652.photobucket.com/albums/uu247/Jezabel94/KismetRacingPic_zpslhmag6uw.png'),
(241, 'Purple Heart', 'The King&#039;s Ransom', 11, 'Bay', '', 59, 2, 6, 22, 2, 2, 69, 64, 65, 66, 65, 65, 65, 64, 64, 65, 10, 32, 28, '8.0', '12.0', 13, 13, 21, 15, 18, 24, 26, '', 'http://seeingstars.boards.net/post/26844', 'http://i652.photobucket.com/albums/uu247/Jezabel94/PurpleHeart_zpswezvffma.png', 'http://i652.photobucket.com/albums/uu247/Jezabel94/HeartRacingPic_zpskf1scefc.png'),
(242, 'Native Dancer', 'RKO Native Dancer - Nate', 10, 'Grey', 'eeaaGG', 45, 1, 7, 3, 3, 3, 68, 63, 62, 61, 69, 63, 60, 60, 63, 57, 29, 17, 34, '7.0', '12.0', 13, 13, 19, 15, 18, 23, 26, 'by: RKO Haven Polynesian - 7-12f\r\nUnbreakable 8-14f x Black Polly 7-12f\r\nout of: RKO Haven Geisha - 10-16f\r\nDiscovery 8-15f x Miyako 7-12f\r\nTRAINING\r\nRKO Haven Center - 3 speed, 2 power, 1 response plus 2 feel, 1 Courage extra tack - 2 fierce, 2 breaking, 2 response\r\nHard Tack Center - 4 speed, 3 power, 2 response plus 3 fierce, 2 feel', NULL, 'http://i289.photobucket.com/albums/ll233/RKOpetz/Racers/nativedancerhomesmall.png', 'http://i289.photobucket.com/albums/ll233/RKOpetz/Racers/nativedancerracetack.png'),
(243, 'Empire City', '', 10, 'Bay Frame Overo', '', 45, 3, 7, 2, 44, 44, 82, 79, 77, 77, 74, 74, 74, 78, 73, 77, 11, 25, 14, '12.0', '16.0', 12, 14, 20, 16, 18, 23, 25, '', NULL, '', ''),
(244, 'Dracarys', '', 10, 'Chestnut', 'ee/aa', 45, 3, 6, 2, 2, 2, 79, 73, 77, 73, 73, 72, 72, 72, 72, 73, 9, 35, 34, '12.0', '16.0', 12, 14, 21, 15, 17, 24, 25, '', NULL, '', ''),
(245, 'Secretariat I', 'Big Red', 10, 'Chestnut', 'ee/aa', 46, 4, 6, 2, 2, 2, 88, 75, 77, 72, 75, 74, 75, 74, 72, 75, 17, 15, 28, '8.0', '12.0', 14, 12, 21, 15, 17, 23, 25, '2011 Horse of the Year', NULL, '', ''),
(246, 'John Henry', 'Grumpy Old Man', 10, 'Bay', 'Ee/AA', 46, 4, 5, 2, 55, 55, 86, 73, 75, 74, 72, 75, 73, 76, 73, 75, 30, 32, 34, '10.0', '13.0', 12, 14, 20, 16, 17, 24, 26, '', NULL, '', ''),
(247, 'Phar Lap', '', 10, 'Chestnut', 'ee/aa', 45, 4, 6, 2, 21, 44, 88, 75, 77, 70, 74, 75, 73, 76, 74, 75, 18, 25, 37, '6.0', '10.0', 13, 13, 19, 16, 18, 24, 25, '', NULL, '', ''),
(248, 'Prince of Thorns', '', 10, 'Black', 'EE/aa', 45, 4, 6, 2, 2, 44, 89, 79, 79, 70, 76, 75, 76, 76, 76, 78, 9, 33, 28, '9.0', '12.0', 13, 13, 21, 15, 17, 24, 25, '', NULL, '', ''),
(249, 'Lionheart', '', 10, 'Dark Bay', 'EE/AA', 45, 4, 5, 2, 2, 2, 87, 79, 82, 70, 76, 76, 75, 76, 77, 75, 17, 32, 28, '8.0', '12.0', 14, 12, 21, 15, 17, 24, 25, '', NULL, '', ''),
(250, 'Royal Ransom', '', 11, 'Bay', 'EE/AA', 45, 4, 6, 2, 2, 2, 87, 78, 78, 75, 76, 74, 74, 74, 74, 77, 10, 8, 34, '8.0', '12.0', 13, 13, 22, 16, 18, 24, 26, 'Sire: Barbaro\r\nDam: Bramble\r\n\r\nHalf to:\r\nChiricahua\r\nPrince of Thorns\r\nWind', NULL, '', ''),
(251, 'Chicanery', 'Mischief Managed', 11, 'Chestnut', 'ee/aa', 45, 4, 7, 2, 54, 2, 89, 77, 75, 70, 74, 74, 73, 72, 72, 74, 11, 29, 13, '7.0', '10.0', 13, 13, 22, 16, 18, 24, 25, 'Sire: Sent By Ares\r\nDam: Pistol Perfect\r\n\r\nHalf to: \r\nAthena Watchover\r\nSkeptic\r\nStargazer', NULL, '', ''),
(252, 'Cyclone Princess', '', 11, 'Bay', 'EE/AA', 45, 4, 6, 2, 2, 2, 88, 86, 85, 88, 84, 84, 84, 86, 89, 89, 32, 16, 37, '8.0', '12.0', 14, 12, 20, 15, 44, 24, 25, 'Half to:\r\nLionheart\r\nPrince of Thorns\r\nPorcelain\r\n\r\n2015 Champion 2 Year Old Filly\r\n2016 Champion 3 Year Old Filly', NULL, '', ''),
(253, 'Urban Magic', '', 11, 'Grey', 'EE/aa/GG', 45, 4, 5, 2, 44, 44, 88, 82, 84, 78, 78, 80, 78, 78, 78, 77, 4, 17, 27, '10.0', '13.0', 12, 14, 19, 15, 17, 24, 25, '', NULL, '', ''),
(254, 'Sassy Lassie', '', 11, 'Bay', 'Ee/Aa', 45, 4, 7, 2, 44, 44, 89, 80, 80, 79, 77, 80, 78, 80, 78, 78, 11, 32, 19, '7.0', '10.0', 13, 13, 20, 16, 18, 23, 25, '', NULL, '', ''),
(255, 'Fleet Street', '', 10, 'Black', 'EE/aa', 45, 4, 8, 2, 44, 44, 87, 83, 84, 76, 76, 76, 80, 81, 79, 77, 9, 12, 19, '8.0', '12.0', 12, 14, 22, 15, 18, 24, 25, '', NULL, '', ''),
(256, 'Markham', '', 10, 'Dark Bay Sabino', 'EE/AA/SaSa', 45, 4, 8, 2, 44, 44, 87, 75, 78, 71, 76, 73, 72, 75, 75, 75, 12, 9, 28, '5.0', '7.0', 13, 13, 22, 16, 17, 23, 25, '', NULL, '', ''),
(257, 'Pistol Perfect', '', 11, 'Chestnut', 'ee/aa', 45, 4, 7, 2, 44, 44, 87, 76, 76, 71, 74, 71, 72, 72, 72, 74, 29, 33, 13, '7.0', '9.0', 13, 13, 19, 16, 18, 24, 26, '', NULL, '', ''),
(258, 'Akiba&#039;s Idol', 'Akihabara Swinger', 11, 'Black Frame Overo', 'EE/aa/nO', 45, 2, 6, 2, 54, 54, 74, 69, 69, 62, 62, 61, 64, 66, 62, 64, 15, 30, 5, '6.0', '9.0', 13, 13, 19, 15, 17, 23, 25, '', NULL, '', ''),
(259, 'Di Neve', '', 10, 'White', 'ee/aa/ww', 45, 3, 8, 2, 21, 21, 83, 76, 79, 70, 75, 71, 71, 75, 76, 73, 16, 24, 5, '12.0', '16.0', 12, 14, 21, 16, 17, 24, 25, '', NULL, '', ''),
(260, 'Corkscrew', '', 10, 'Grey', 'EE/aa/GG', 45, 3, 5, 2, 44, 44, 80, 78, 75, 72, 72, 72, 76, 76, 73, 76, 4, 8, 37, '12.0', '16.0', 12, 14, 19, 15, 18, 24, 26, '', NULL, '', ''),
(261, 'Warlord', '', 10, 'Chestnut', 'ee/aa', 45, 3, 7, 2, 2, 2, 84, 78, 78, 79, 76, 76, 77, 78, 79, 79, 11, 25, 23, '7.0', '12.0', 13, 13, 22, 16, 17, 23, 25, 'Sire: Man o War\r\nDam: Vermillion\r\n\r\nHalf to: \r\nSkeptic\r\nTyka\r\nWar Chimes\r\n\r\nNotable Wins:\r\nBreeders&#039; Cup Turf Sprint 2016', NULL, '', ''),
(262, 'Wild Card', '', 10, 'Bay Frame Overo', 'EE/AA/nO', 45, 3, 6, 2, 44, 44, 84, 76, 79, 74, 74, 72, 74, 72, 71, 73, 32, 15, 37, '7.0', '12.0', 14, 12, 19, 15, 18, 24, 25, '', NULL, '', ''),
(263, 'Messalina', '', 11, 'Bay', 'Ee/AA', 46, 1, 6, 2, 13, 13, 69, 65, 64, 60, 64, 62, 61, 64, 64, 63, 32, 12, 28, '7.0', '12.0', 13, 13, 22, 15, 44, 24, 26, 'Sire: Augustus\r\nDam: Boudacious', NULL, '', 'http://i.imgur.com/BZhkRlg.png'),
(264, 'Elysium', '', 11, 'Seal Brown', 'EE/AA/tt', 46, 1, 7, 2, 3, 3, 67, 63, 65, 55, 55, 55, 60, 60, 61, 63, 31, 12, 14, '7.0', '12.0', 14, 12, 22, 15, 17, 24, 25, 'Sire: Fair Play\r\nDam: Ruffian\r\n\r\nHalf to: \r\nRancor\r\nPlayer Hater\r\nSwashbuckle', NULL, '', 'http://img.photobucket.com/albums/v643/the_neco/Petz_Pics/horses/racing/elysiumracing.png'),
(265, 'London Bridge', '', 10, 'Bay', 'EE/AA', 46, 1, 8, 2, 2, 2, 66, 64, 65, 55, 59, 58, 58, 61, 60, 58, 32, 12, 23, '8.0', '12.0', 12, 14, 22, 15, 18, 24, 26, 'Sire: Fleet Street\r\nDam: Wren\r\n\r\nHalf to: \r\nSass Street Wonder', NULL, '', 'http://img.photobucket.com/albums/v643/the_neco/Petz_Pics/horses/racing/longdonbridgeracing.png'),
(266, 'Upstart', '', 10, 'Black', 'EE/aa', 45, 2, 8, 2, 53, 53, 77, 72, 73, 69, 66, 66, 68, 66, 67, 67, 9, 16, 37, '6.0', '10.0', 14, 12, 21, 15, 17, 24, 25, '', NULL, '', 'http://img.photobucket.com/albums/v643/the_neco/Petz_Pics/horses/racing/upstart_racing.png'),
(267, 'Hells Bells', '', 10, 'Bay', 'Ee/Aa', 45, 2, 7, 2, 47, 47, 68, 67, 67, 68, 69, 64, 63, 65, 61, 66, 31, 29, 13, '5.0', '8.0', 13, 13, 19, 16, 18, 24, 26, 'Sire: Markham\r\nDam: Chime\r\n\r\nHalf to: \r\nBells o War\r\nWar Chimes', NULL, '', 'http://img.photobucket.com/albums/v643/the_neco/Petz_Pics/horses/racing/hellsbells_racing.png'),
(268, 'Cannonade', '', 10, 'Dark Grey', 'EE/aa/GG', 45, 2, 8, 2, 2, 2, 67, 67, 69, 61, 61, 62, 61, 63, 64, 66, 9, 22, 28, '6.0', '9.0', 13, 13, 22, 16, 17, 24, 25, 'Sire: Markham\r\nDam: Thunderstruck\r\n\r\nHalf to:\r\nHells Bells', NULL, '', 'http://img.photobucket.com/albums/v643/the_neco/Petz_Pics/horses/racing/cannonade_racing.png['),
(269, 'Shizuka', '', 11, 'Bay', 'EE/AA', 59, 2, 8, 2, 22, 22, 69, 67, 67, 65, 67, 68, 69, 67, 69, 69, 9, 33, 37, '7.0', '9.0', 12, 14, 21, 15, 17, 24, 25, '', NULL, '', 'http://img.photobucket.com/albums/v643/the_neco/Petz_Pics/horses/racing/shizuka_racing.png'),
(270, 'Chihenne', '', 11, 'Chestnut Brindle', 'ee/aa/BrBr', 45, 2, 5, 2, 44, 44, 78, 73, 72, 66, 66, 69, 66, 69, 68, 70, 4, 32, 14, '6.0', '8.0', 12, 14, 22, 15, 17, 24, 25, '', NULL, '', 'http://img.photobucket.com/albums/v643/the_neco/Petz_Pics/horses/racing/chihenne_inhand.png'),
(271, 'Player Hater', '', 11, 'Bay', 'EE/AA', 45, 2, 7, 2, 3, 3, 78, 73, 72, 74, 73, 73, 68, 73, 71, 73, 31, 29, 13, '5.0', '9.0', 14, 12, 21, 15, 17, 24, 25, 'Sire: Fair Play\r\nDam: Annette K\r\n\r\nHalf to: \r\nElysium', NULL, '', 'http://img.photobucket.com/albums/v643/the_neco/Petz_Pics/horses/racing/playerhater_racing.png'),
(272, 'Crescendo', '', 11, 'Black', 'EE/aa', 59, 2, 7, 2, 51, 51, 68, 68, 67, 65, 61, 63, 61, 64, 64, 66, 11, 16, 13, '5.0', '9.0', 13, 13, 20, 15, 18, 23, 25, '', NULL, '', 'http://img.photobucket.com/albums/v643/the_neco/Petz_Pics/horses/racing/crescendo_racing.png'),
(273, 'Artifice', '', 11, 'Chestnut', 'ee/aa', 45, 2, 8, 2, 2, 2, 69, 69, 68, 63, 67, 65, 64, 61, 62, 67, 35, 16, 37, '7.0', '10.0', 13, 13, 22, 16, 18, 24, 26, 'Sire; Enigmatic Lament\r\nDam; Chicanery', NULL, '', 'http://img.photobucket.com/albums/v643/the_neco/Petz_Pics/horses/racing/artificeracing.png'),
(274, 'Irish Acclaim', '', 11, 'Bay', 'EE/AA', 45, 2, 7, 2, 2, 2, 68, 69, 67, 60, 62, 62, 62, 62, 63, 62, 29, 32, 23, '6.0', '10.0', 13, 13, 22, 15, 17, 24, 25, 'Sire: Carrig\r\nDam; Royal Angel\r\n\r\nHalf to: \r\nLady Luna', NULL, '', 'http://img.photobucket.com/albums/v643/the_neco/Petz_Pics/horses/racing/irishacclaim_racing.png'),
(275, 'Bad Wolf', '', 10, 'Bay Sabino', 'EE/AA/nSb', 45, 3, 8, 2, 44, 44, 80, 74, 78, 70, 71, 72, 71, 721, 73, 72, 16, 35, 34, '7.0', '12.0', 13, 13, 21, 15, 18, 23, 25, '', NULL, '', 'http://img.photobucket.com/albums/v643/the_neco/Petz_Pics/horses/racing/badwolf_inhand.png'),
(276, 'War Chimes', '', 11, 'Chestnut', 'ee/aa', 45, 3, 8, 2, 44, 44, 81, 75, 79, 71, 73, 71, 71, 72, 72, 75, 15, 30, 37, '7.0', '12.0', 13, 13, 21, 16, 17, 23, 26, 'Sire: Man o War\r\nDam: Chime\r\n\r\nHalf to; \r\nBells and Brambles\r\nBells o War\r\nHells Bells\r\nInugami\r\nWarlord', NULL, '', 'http://img.photobucket.com/albums/v643/the_neco/Petz_Pics/horses/racing/warchimes_racing.png'),
(277, 'Artegal', '', 10, 'Black', 'EE/aa', 45, 2, 5, 2, 44, 44, 78, 69, 72, 70, 66, 67, 69, 67, 71, 68, 4, 22, 23, '9.0', '13.0', 13, 13, 22, 15, 17, 24, 25, '', NULL, '', 'http://img.photobucket.com/albums/v643/the_neco/Petz_Pics/horses/racing/art_inhand.png'),
(278, 'Killer Candy', '', 10, 'Chestnut Sabino', 'ee/aa/nSb', 45, 2, 8, 2, 44, 44, 78, 70, 70, 74, 68, 71, 67, 69, 71, 74, 18, 12, 19, '7.0', '10.0', 12, 14, 21, 16, 17, 24, 26, '', NULL, '', 'http://img.photobucket.com/albums/v643/the_neco/Petz_Pics/horses/racing/killer_inhand.png'),
(279, 'Carthage', '', 10, 'Chestnut', 'ee/aa', 45, 2, 8, 2, 2, 2, 79, 70, 73, 73, 67, 69, 69, 70, 69, 73, 12, 9, 37, '10.0', '14.0', 12, 14, 22, 15, 17, 24, 25, 'Sire: Oden\r\nDam: Southern Dancer', NULL, '', 'http://img.photobucket.com/albums/v643/the_neco/Petz_Pics/horses/racing/carthage_inhand.png'),
(280, 'Lion&#039;s Wonder', '', 11, 'Bay', '', 44, 2, 6, 21, 44, 44, 69, 66, 65, 64, 66, 67, 63, 64, 65, 65, 32, 17, 37, '8.0', '12.0', 13, 13, 20, 15, 17, 23, 25, '', NULL, 'http://i1341.photobucket.com/albums/o751/mockingbirdestates22/petz67_zpsqw1vcalr.gif', 'http://i1341.photobucket.com/albums/o751/mockingbirdestates22/petz67_zpsqw1vcalr.gif'),
(281, 'Mezzanotte', '', 10, 'Black', '', 44, 3, 8, 21, 44, 44, 79, 70, 71, 68, 69, 69, 71, 68, 69, 69, 32, 12, 34, '10.0', '12.0', 13, 13, 21, 15, 18, 24, 25, '', NULL, 'http://i1088.photobucket.com/albums/i329/Mockingbirdestates/Main%20Album%203/petz1463_zpsrcpzdfg0.gif', 'http://i1088.photobucket.com/albums/i329/Mockingbirdestates/Main%20Album%203/petz1463_zpsrcpzdfg0.gif');

-- --------------------------------------------------------

--
-- Table structure for table `lineages`
--

DROP TABLE IF EXISTS `lineages`;
CREATE TABLE IF NOT EXISTS `lineages` (
  `id` int(100) unsigned NOT NULL AUTO_INCREMENT,
  `horse_id` int(100) unsigned DEFAULT NULL,
  `sire_id` int(100) unsigned DEFAULT NULL,
  `dam_id` int(100) unsigned DEFAULT NULL,
  `generation` int(100) unsigned NOT NULL DEFAULT '1',
  PRIMARY KEY (`id`),
  KEY `horses_progeny_horse_id_foreign` (`horse_id`),
  KEY `horses_progeny_sire_id_foreign` (`sire_id`),
  KEY `horses_progeny_dam_id_foreign` (`dam_id`)
) ENGINE=InnoDB  DEFAULT CHARSET=latin1 AUTO_INCREMENT=77 ;

--
-- Truncate table before insert `lineages`
--

TRUNCATE TABLE `lineages`;
--
-- Dumping data for table `lineages`
--

INSERT INTO `lineages` VALUES
(1, 21, 20, 26, 3),
(3, 4, 1, 13, 3),
(4, 1, 32, 31, 2),
(5, 3, 33, 34, 2),
(7, 20, 39, 29, 2),
(9, 23, 57, 24, 2),
(10, 54, 53, 25, 1),
(12, 56, 1, 55, 3),
(13, 64, 1, 55, 1),
(14, 77, 69, 72, 1),
(15, 79, 57, 72, 1),
(16, 92, 91, 65, 1),
(17, 113, 88, 108, 2),
(18, 114, 85, 115, 1),
(19, 57, 89, 147, 1),
(20, 148, 1, 3, 3),
(21, 19, 40, 150, 2),
(22, 153, 154, 155, 1),
(23, 156, 33, 31, 1),
(24, 152, 156, 155, 3),
(25, 59, 58, 159, 1),
(26, 167, 58, 159, 1),
(27, 169, 40, 159, 1),
(28, 170, 32, 159, 1),
(29, 172, 144, 173, 2),
(30, 138, 174, 172, 3),
(31, 174, 139, 135, 1),
(32, 137, 174, 172, 3),
(33, 133, 176, 175, 1),
(34, 88, 145, 171, 1),
(35, 177, 77, 178, 3),
(36, 179, 85, 70, 2),
(37, 109, 77, 179, 1),
(38, 180, 176, 181, 2),
(39, 182, 57, 72, 2),
(40, 187, 69, 140, 2),
(41, 192, 177, 137, 4),
(42, 183, 189, 185, 2),
(43, 134, 193, 132, 2),
(44, 142, 187, 134, 3),
(45, 195, 191, 114, 3),
(46, 143, 142, 195, 3),
(47, 196, 145, 197, 2),
(48, 178, 176, 181, 2),
(49, 204, 199, 200, 2),
(50, 110, 205, 34, 2),
(51, 208, 183, 204, 3),
(52, 210, 141, 206, 2),
(53, 215, 146, 194, 2),
(54, 212, 214, 213, 2),
(55, 218, 81, 188, 3),
(56, 186, 196, 215, 3),
(57, 188, 219, 203, 2),
(58, 190, 209, 217, 2),
(59, 191, 174, 211, 2),
(60, 28, 216, 143, 5),
(61, 216, 218, 186, 3),
(62, 221, 164, 72, 2),
(63, 222, 223, 212, 3),
(64, 220, 222, 226, 3),
(65, 102, 164, 72, 2),
(66, 233, 164, 72, 2),
(67, 234, 232, 65, 2),
(68, 236, 81, 165, 4),
(69, 242, 216, 143, 6),
(70, 162, 33, 166, 2),
(71, 71, 245, 34, 2),
(72, 249, 245, 34, 2),
(73, 252, 32, 34, 2),
(74, 267, 256, 159, 2),
(75, 271, 69, 70, 2),
(76, 268, 256, 65, 2);

-- --------------------------------------------------------

--
-- Table structure for table `migrations`
--

DROP TABLE IF EXISTS `migrations`;
CREATE TABLE IF NOT EXISTS `migrations` (
  `migration` varchar(255) COLLATE utf8_unicode_ci NOT NULL,
  `batch` int(11) NOT NULL
) ENGINE=InnoDB DEFAULT CHARSET=utf8 COLLATE=utf8_unicode_ci;

--
-- Truncate table before insert `migrations`
--

TRUNCATE TABLE `migrations`;
--
-- Dumping data for table `migrations`
--

INSERT INTO `migrations` VALUES
('2014_10_12_000000_create_users_table', 1),
('2014_10_12_100000_create_password_resets_table', 1),
('2016_02_27_172548_create_rodinia_tables', 1);

-- --------------------------------------------------------

--
-- Table structure for table `password_resets`
--

DROP TABLE IF EXISTS `password_resets`;
CREATE TABLE IF NOT EXISTS `password_resets` (
  `email` varchar(255) COLLATE utf8_unicode_ci NOT NULL,
  `token` varchar(255) COLLATE utf8_unicode_ci NOT NULL,
  `created_at` timestamp NOT NULL DEFAULT '0000-00-00 00:00:00',
  KEY `password_resets_email_index` (`email`),
  KEY `password_resets_token_index` (`token`)
) ENGINE=InnoDB DEFAULT CHARSET=utf8 COLLATE=utf8_unicode_ci;

--
-- Truncate table before insert `password_resets`
--

TRUNCATE TABLE `password_resets`;
-- --------------------------------------------------------

--
-- Table structure for table `person`
--

DROP TABLE IF EXISTS `person`;
CREATE TABLE IF NOT EXISTS `person` (
  `id` int(100) unsigned NOT NULL AUTO_INCREMENT,
  `user_id` int(100) unsigned DEFAULT NULL,
  `username` varchar(255) NOT NULL,
  `stable_name` varchar(255) DEFAULT NULL,
  `stable_prefix` varchar(255) DEFAULT NULL,
  `racing_colors` varchar(255) DEFAULT NULL,
  PRIMARY KEY (`id`),
  UNIQUE KEY `person_username_unique` (`username`),
  KEY `user_id` (`user_id`)
) ENGINE=InnoDB  DEFAULT CHARSET=latin1 AUTO_INCREMENT=56 ;

--
-- Truncate table before insert `person`
--

TRUNCATE TABLE `person`;
--
-- Dumping data for table `person`
--

INSERT INTO `person` VALUES
(1, 14, 'Haubing', 'Shashka Stables', 'Haubing', 'Green and White'),
(2, 10, 'Neco', 'Hard Tack', 'Hard Tack', 'Black, Red'),
(3, 21, 'Katann', 'RKO Haven', 'RKO', 'Dark Blue, Dark Red'),
(4, NULL, 'Artemis', 'Three Peaks Manor', 'Three Peaks', ''),
(6, NULL, 'Mak', 'Falling in Like', 'Falling', 'Green, Gold'),
(13, 12, 'Daveena', 'Sunfire Racing', 'Sunfire', 'Orange Pink and Blue'),
(20, NULL, 'Brynn', '', '', ''),
(21, 11, 'Angora', 'BlueJay Racing', 'BlueJay', 'Royal Red, Gold, and Black'),
(22, 9, 'Jez', 'Burning Acres', 'BA', 'Blue, White, and Gold'),
(23, NULL, 'GallopandStorm', 'Sweet Secrets', 'Sweet Secrets', 'Light Blue, Pink and Purple'),
(26, 15, 'Aragorn', 'Midgard', 'Midgard', 'Light blue, blue and white'),
(27, 13, 'Jewellz', 'Rhapsody', 'Rhapsody', 'Pink, Yellow, and Teal'),
(44, NULL, 'Unknown', 'Unknown', 'Unknown', 'Unknown'),
(45, NULL, 'Ryder', 'Turn & Burn', 'T&B', 'Black, White'),
(46, NULL, 'Pollution', 'Polluted Acres', 'PA', 'Black, Yellow and White'),
(47, 19, 'Akmu', 'Black Water Estate', 'BWE', 'Blue and Black'),
(48, NULL, 'Fall', 'Reed Ranch', 'Reed', 'Black, White'),
(49, NULL, 'Palecat', 'Palecat5 Stables', 'Palecat5 Stables', 'Dark Red, Black'),
(50, NULL, 'Polly', 'Old Barn Stables', 'OBS', 'Blue, Silver and Black'),
(51, NULL, 'elbeess', 'Paperbark Stables', 'Paperbark', 'Yellow & green'),
(52, NULL, 'Badger', 'Kingston Stables', 'King', ''),
(53, NULL, 'Fuzzy', '', 'Briarwood', ''),
(54, 22, 'Anomaly', '', '', ''),
(55, NULL, 'Kbev', '', 'BFF', '');

-- --------------------------------------------------------

--
-- Table structure for table `races`
--

DROP TABLE IF EXISTS `races`;
CREATE TABLE IF NOT EXISTS `races` (
  `id` int(100) unsigned NOT NULL AUTO_INCREMENT,
  `series` int(100) unsigned DEFAULT '44',
  `name` varchar(255) NOT NULL,
  `surface` int(100) unsigned DEFAULT NULL,
  `grade` int(100) unsigned DEFAULT NULL,
  `distance` decimal(8,1) DEFAULT NULL,
  `weather` varchar(255) DEFAULT NULL,
  `course` varchar(255) DEFAULT NULL,
  `final_time` varchar(255) DEFAULT NULL,
  `ran_dt` date DEFAULT NULL,
  `url` varchar(255) DEFAULT NULL,
  PRIMARY KEY (`id`),
  KEY `races_grade_foreign` (`grade`),
  KEY `races_surface_foreign` (`surface`),
  KEY `races_ibfk_3` (`series`)
) ENGINE=InnoDB  DEFAULT CHARSET=latin1 AUTO_INCREMENT=851 ;

--
-- Truncate table before insert `races`
--

TRUNCATE TABLE `races`;
--
-- Dumping data for table `races`
--

INSERT INTO `races` VALUES
(1, 36, 'Sordid Affair Stakes', 42, 2, '10.0', '', '', NULL, '2014-11-19', 'http://z7.invisionfree.com/seeingstars/index.php?showtopic=17523'),
(2, 44, 'Dubai Millenium Stakes', 41, 2, '10.0', '', '', NULL, '1000-01-01', 'http://seeingstars.boards.net/thread/5596'),
(3, 44, 'Down and Out Stakes', 42, 1, '12.0', '', '', NULL, '2015-09-02', 'http://seeingstars.boards.net/thread/3120'),
(4, 33, 'Zabeel Mile', 42, 2, '8.0', '', '', NULL, '1000-01-01', 'http://seeingstars.boards.net/thread/5594'),
(5, 33, 'Al Shindagha Sprint', 41, 2, '6.0', '', '', NULL, '1000-01-01', 'http://seeingstars.boards.net/thread/5593'),
(7, 44, 'Running Roses Stakes', 41, 2, '8.0', '', '', NULL, '2016-03-22', 'http://seeingstars.boards.net/thread/5616'),
(8, 44, 'Guns Blazing Stakes', 41, 2, '7.0', '', '', NULL, '2016-03-16', 'http://seeingstars.boards.net/thread/5601'),
(9, 44, 'Celtic Bride Stakes', 42, 1, '12.0', '', '', NULL, '2015-05-24', 'http://seeingstars.boards.net/thread/1762'),
(10, 44, 'Summer Front Stakes', 41, 1, '11.5', '', '', NULL, '2015-05-24', 'http://seeingstars.boards.net/thread/1713'),
(11, 34, 'Woodbine Racetrack', 41, 1, '8.0', '', '', NULL, '2015-05-26', 'http://seeingstars.boards.net/thread/1793'),
(12, 34, 'Breeders'' Stakes', 42, 1, '12.0', '', '', NULL, '2015-05-30', 'http://seeingstars.boards.net/thread/1806'),
(14, 44, 'Stars and Stripes Handicap', 42, 2, '8.0', '', '', NULL, '2015-07-08', 'http://seeingstars.boards.net/thread/2428'),
(15, 44, 'Old Friends Stakes', 42, 2, '8.0', '', '', NULL, '2015-09-15', 'http://seeingstars.boards.net/thread/3140'),
(16, 31, 'Dirt Mile', 41, 37, '8.0', '', '', NULL, '2015-11-01', 'http://seeingstars.boards.net/thread/4130'),
(18, 38, 'Fountain of Youth', 41, 37, '9.0', '', '', NULL, '2016-03-14', 'http://seeingstars.boards.net/thread/5571'),
(19, 39, 'Fairground Oaks', 41, 37, '8.5', '', '', NULL, '2016-03-18', 'http://seeingstars.boards.net/thread/5563'),
(20, 44, 'Road Less Travelled', 41, 2, '9.0', '', '', NULL, '2016-03-16', 'http://seeingstars.boards.net/thread/5602'),
(21, 29, 'Dec 12', 41, 1, '8.0', '', '', NULL, '2015-12-12', ''),
(23, 44, 'Ice and Fire Handicap', 42, 3, '8.0', '', '', NULL, '2015-07-30', 'http://seeingstars.boards.net/thread/2806'),
(24, 44, 'Sycorax Handicap', 42, 1, '11.0', '', '', NULL, '1111-11-11', ''),
(25, 29, 'May 24', 42, 1, '7.0', '', '', NULL, '2015-04-26', 'http://seeingstars.boards.net/thread/1808'),
(26, 44, 'Dead Man''s Sprint Stakes', 42, 2, '7.0', '', '', NULL, '2015-10-20', 'http://seeingstars.boards.net/thread/4020'),
(27, 44, 'The Tin Man Handicap', 42, 1, '12.0', '', '', NULL, '2015-05-05', 'http://seeingstars.boards.net/thread/1591'),
(28, 29, 'May 21', 41, 1, '8.0', '', '', NULL, '2015-05-21', 'http://seeingstars.boards.net/thread/1750'),
(29, 34, 'Toronto Cup', 42, 1, '9.0', '', '', NULL, '2015-05-24', 'http://seeingstars.boards.net/thread/1805'),
(30, 44, 'Above and Below Handicap', 42, 2, '8.0', '', '', NULL, '2015-07-24', 'http://seeingstars.boards.net/thread/2691'),
(31, 44, 'Slow Burn Handicap', 42, 2, '9.0', '', '', NULL, '2015-09-05', 'http://seeingstars.boards.net/thread/3172'),
(32, 31, 'Corinthian Stakes', 41, 37, '8.0', '', '', NULL, '2015-09-18', 'http://seeingstars.boards.net/thread/3412'),
(33, 31, 'Goldikova Stakes', 42, 37, '8.0', '', '', NULL, '2015-09-15', 'http://seeingstars.boards.net/thread/3411'),
(34, 31, 'Frankel Handicap', 42, 37, '8.0', '', '', NULL, '2015-09-26', 'http://seeingstars.boards.net/thread/3539'),
(35, 44, 'Self Destruct Handicap', 42, 2, '12.0', '', '', NULL, '2015-10-02', 'http://seeingstars.boards.net/thread/3626'),
(36, 44, 'Loveburn Handicap', 41, 3, '8.0', '', '', NULL, '2015-10-23', 'http://seeingstars.boards.net/thread/4106'),
(37, 31, 'Classic', 41, 37, '10.0', '', '', NULL, '2015-10-25', 'http://seeingstars.boards.net/thread/4136'),
(38, 44, 'Shadowrun Handicap', 41, 2, '10.5', '', '', NULL, '2015-09-25', 'http://seeingstars.boards.net/thread/3516'),
(39, 44, 'Mammoth Handicap', 42, 2, '12.0', '', '', NULL, '2015-06-03', 'http://seeingstars.boards.net/thread/1995'),
(40, 44, 'Empire State Handicap', 41, 2, '9.0', '', '', NULL, '2015-05-31', 'http://seeingstars.boards.net/thread/1941'),
(41, 44, 'Paranormal Party Handicap', 41, 2, '10.5', '', '', NULL, '2015-06-29', 'http://seeingstars.boards.net/thread/2372'),
(42, 35, 'Dubai Classic', 41, 2, '10.0', '', '', NULL, '2015-07-05', 'http://seeingstars.boards.net/thread/2445'),
(43, 44, 'Seize The Day Handicap', 42, 2, '12.0', '', '', NULL, '2015-07-24', 'http://seeingstars.boards.net/thread/2693'),
(44, 31, 'Cigar Handicap', 41, 37, '10.0', '', '', NULL, '2015-08-03', 'http://seeingstars.boards.net/thread/2854'),
(45, 44, 'Sink or Swim Stakes', 42, 2, '12.0', '', '', NULL, '2015-08-27', 'http://seeingstars.boards.net/thread/3092'),
(46, 44, 'Mad House Handicap', 41, 3, '10.0', '', '', NULL, '2015-10-31', 'http://seeingstars.boards.net/thread/3881'),
(47, 44, 'Warbler Handicap', 41, 1, '9.0', '', '', NULL, '2015-05-22', 'http://seeingstars.boards.net/thread/1751'),
(48, 44, 'Rising Tide Stakes', 41, 1, '10.5', '', '', NULL, '2015-05-03', 'http://seeingstars.boards.net/thread/1566'),
(49, 34, 'Nunavut Stakes', 42, 1, '9.0', '', '', NULL, '2015-04-01', 'http://seeingstars.boards.net/thread/1904'),
(50, 44, 'Winsome Handicap', 41, 2, '8.0', '', '', NULL, '2016-03-18', 'http://seeingstars.boards.net/thread/2076'),
(51, 44, 'Game On Dude Handicap', 41, 2, '9.0', '', '', NULL, '2016-03-18', 'http://seeingstars.boards.net/thread/3141'),
(52, 31, 'Coaltown Handicap', 41, 37, '8.0', '', '', '', '2015-03-18', 'http://seeingstars.boards.net/thread/3540'),
(53, 44, 'Uninvited Guests Handicap', 42, 3, '12.0', '', '', NULL, '2016-03-18', 'http://seeingstars.boards.net/thread/4023'),
(54, 44, 'Together Forward Handicap', 41, 3, '9.0', '', '', NULL, '2016-03-18', 'http://seeingstars.boards.net/thread/4346'),
(55, 44, 'Steamroller Stakes', 42, 3, '10.0', '', '', NULL, '2016-03-18', 'http://seeingstars.boards.net/thread/4521'),
(57, 30, 'May 24', 42, 1, '9.0', '', '', NULL, '2015-05-24', 'http://seeingstars.boards.net/thread/1809'),
(58, 44, 'Belmont Gold Cup', 42, 2, '12.0', '', '', NULL, '2015-05-31', 'http://seeingstars.boards.net/thread/1942'),
(59, 44, 'Lead Me Home Stakes', 42, 2, '11.0', '', '', NULL, '2015-07-04', 'http://seeingstars.boards.net/thread/2429'),
(60, 44, 'Funny Bone Handicap', 41, 2, '9.0', '', '', NULL, '2015-07-08', 'http://seeingstars.boards.net/thread/2493'),
(61, 44, 'Affirmed Handicap', 41, 2, '10.0', '', '', NULL, '2015-07-30', 'http://seeingstars.boards.net/thread/2692/affirmed-handicap-dirt-giii-completed'),
(62, 44, 'Sea The Stars Handicap', 42, 2, '12.0', '', '', NULL, '2015-09-28', 'http://seeingstars.boards.net/thread/3585'),
(63, 44, 'Paranormal Witness Handicap', 42, 3, '9.0', '', '', NULL, '2015-10-09', 'http://seeingstars.boards.net/thread/3804'),
(64, 44, 'Pender Harbor Stakes', 42, 3, '10.0', '', '', NULL, '2015-11-29', 'http://seeingstars.boards.net/thread/4565'),
(65, 44, 'Sort It Out Handicap', 42, 2, '12.0', '', '', NULL, '2015-09-17', 'http://seeingstars.boards.net/thread/3398'),
(71, 44, 'Burnin'' From the Start Stakes', 42, 2, '9.0', '', '', NULL, '2016-03-23', 'http://seeingstars.boards.net/thread/5732'),
(72, 44, 'Let It Go Handicap', 41, 2, '9.5', '', '', NULL, '2016-03-23', 'http://seeingstars.boards.net/thread/5617'),
(73, 44, 'Seeing Stars Handicap', 42, 3, '9.0', '', '', NULL, '2016-03-25', 'http://seeingstars.boards.net/thread/5731'),
(74, 29, 'May 5', 42, 1, '9.0', '', '', NULL, '2015-05-05', 'http://seeingstars.boards.net/thread/1592'),
(75, 30, 'May 5', 41, 37, '10.0', '', '', NULL, '2015-05-05', 'http://seeingstars.boards.net/thread/1593'),
(76, 44, 'Sweet Amber Stakes', 41, 3, '10.0', '', '', NULL, '2015-06-25', 'http://seeingstars.boards.net/thread/2331'),
(77, 44, 'Evergleam Stakes', 42, 2, '8.0', '', '', NULL, '2015-06-29', 'http://seeingstars.boards.net/thread/2379'),
(78, 35, 'Sheema Classic', 42, 2, '12.0', '', '', NULL, '2015-07-08', 'http://seeingstars.boards.net/thread/2491'),
(79, 31, 'Shergar Memorial Stakes', 42, 37, '11.0', '', '', NULL, '2015-07-18', 'http://seeingstars.boards.net/thread/2528'),
(80, 31, 'Tiznow Handicap', 41, 37, '9.0', '', '', NULL, '2015-07-19', 'http://seeingstars.boards.net/thread/2618'),
(81, 31, 'English Channel Handicap', 42, 37, '12.0', '', '', NULL, '2015-07-19', 'http://seeingstars.boards.net/thread/2616'),
(82, 31, 'Spectacular Bid Stakes', 41, 37, '10.0', '', '', NULL, '2015-07-26', 'http://seeingstars.boards.net/thread/2712'),
(83, 31, 'Orfevre Handicap', 42, 37, '12.0', '', '', NULL, '2015-08-03', 'http://seeingstars.boards.net/thread/2856'),
(84, 44, 'Speed Demon Stakes', 41, 2, '9.0', '', '', NULL, '2015-08-27', 'http://seeingstars.boards.net/thread/3091'),
(85, 44, 'Jack Be Nimble Handicap', 41, 2, '12.0', '', '', NULL, '2015-09-09', 'http://seeingstars.boards.net/thread/3306'),
(86, 44, 'Left Behind Stakes', 41, 2, '10.0', '', '', NULL, '2015-09-09', 'http://seeingstars.boards.net/thread/3305'),
(87, 44, 'Macho Uno Stakes', 41, 3, '8.5', '', '', NULL, '2015-10-02', 'http://seeingstars.boards.net/thread/3627'),
(88, 44, 'On Ice Handicap', 42, 2, '12.0', '', '', NULL, '2015-10-15', 'http://seeingstars.boards.net/thread/4022'),
(89, 44, 'War Front Stakes', 41, 3, '10.0', '', '', '', '2015-11-14', 'http://seeingstars.boards.net/thread/4228'),
(90, 44, 'Unobtainium Stakes', 42, 3, '12.0', '', '', NULL, '2015-11-21', 'http://seeingstars.boards.net/thread/4442'),
(91, 29, 'October 3', 42, 1, '9.0', '', '', NULL, '2015-10-03', 'http://seeingstars.boards.net/thread/3646'),
(92, 29, 'September 22', 42, 1, '8.0', '', '', NULL, '2015-09-22', 'http://seeingstars.boards.net/thread/3462'),
(93, 29, 'September 27', 41, 1, '9.0', '', '', NULL, '2015-09-27', 'http://seeingstars.boards.net/thread/3566'),
(94, 44, 'Claiborne Futurity Stakes', 41, 1, '9.0', '', '', NULL, '2015-11-01', 'http://seeingstars.boards.net/thread/4184'),
(95, 44, 'Winter Showers Stakes', 41, 1, '12.0', '', '', NULL, '2015-11-09', 'http://seeingstars.boards.net/thread/4287'),
(96, 44, 'Ghost of Me Stakes', 41, 1, '7.0', '', '', NULL, '2015-09-22', 'http://seeingstars.boards.net/thread/3468'),
(97, 44, 'White Collar Stakes', 41, 1, '7.0', '', '', NULL, '2015-11-01', 'http://seeingstars.boards.net/thread/4180'),
(98, 39, 'Ashland Stakes', 41, 37, '8.5', '', '', NULL, '2016-04-01', 'http://seeingstars.boards.net/thread/5747'),
(99, 29, 'August 30', 41, 1, '9.0', '', '', NULL, '2015-08-30', 'http://seeingstars.boards.net/thread/3114'),
(100, 29, 'September 1', 41, 1, '9.0', '', '', NULL, '2015-09-01', 'http://seeingstars.boards.net/thread/3143'),
(101, 29, 'September 8', 41, 1, '9.0', '', '', NULL, '2015-09-08', 'http://seeingstars.boards.net/thread/3286'),
(102, 29, 'September 30', 41, 1, '8.0', '', '', NULL, '2015-09-30', 'http://seeingstars.boards.net/thread/3609'),
(103, 44, 'Motivational Stakes', 41, 1, '7.0', '', '', NULL, '2015-11-17', 'http://seeingstars.boards.net/thread/4417'),
(105, 33, 'Firebreak Stakes', 41, 2, '8.0', '', '', NULL, '2016-03-14', 'http://seeingstars.boards.net/thread/5595'),
(106, 44, 'Butterfly Effect Stakes', 42, 1, '10.0', '', '', NULL, '2016-03-28', 'http://seeingstars.boards.net/thread/5792'),
(107, 29, 'March 25', 42, 1, '9.0', '', '', NULL, '2016-03-27', 'http://seeingstars.boards.net/thread/5748'),
(108, 44, 'Story of my Life Handicap', 41, 2, '10.0', '', '', NULL, '2015-12-28', 'http://seeingstars.boards.net/thread/4661/'),
(109, 44, 'Sympathy for the Devil Stakes', 41, 2, '9.0', '', '', NULL, '2015-12-10', 'http://seeingstars.boards.net/thread/4589/'),
(110, 44, 'Swing & Sway Handicap', 41, 2, '9.0', '', '', NULL, '2015-11-21', 'http://seeingstars.boards.net/thread/4437'),
(111, 44, 'Gold Rush Stakes', 42, 2, '7.0', '', '', NULL, '2015-11-21', 'http://seeingstars.boards.net/thread/4436/'),
(112, 44, 'Groupie Doll Stakes', 41, 2, '8.0', '', '', NULL, '2015-11-20', 'http://seeingstars.boards.net/thread/4438/'),
(113, 44, 'Lords & Ladies Stakes', 42, 1, '13.0', '', '', NULL, '2015-11-20', 'http://seeingstars.boards.net/thread/4418'),
(114, 44, 'Underground Handicap', 42, 2, '11.0', '', '', NULL, '2015-11-19', 'http://seeingstars.boards.net/thread/4443/'),
(115, 44, 'Alley Oop Stakes', 42, 2, '10.0', '', '', NULL, '2015-11-15', 'http://seeingstars.boards.net/thread/4348/'),
(116, 44, 'Fall Handicap Classic', 41, 2, '8.5', '', '', NULL, '2015-11-15', 'http://seeingstars.boards.net/thread/4347'),
(117, 44, 'Up, Up and Away Handicap', 42, 1, '9.0', '', '', NULL, '2015-11-16', 'http://seeingstars.boards.net/thread/4286/'),
(118, 44, 'Pallimpsest Stakes', 42, 2, '8.0', '', '', NULL, '2015-11-14', 'http://seeingstars.boards.net/thread/4224/'),
(119, 44, 'Now You Know Handicap', 42, 2, '15.0', '', '', NULL, '2015-11-12', 'http://seeingstars.boards.net/thread/4226'),
(120, 44, 'Volcanic Stakes', 41, 3, '9.0', '', '', NULL, '2015-11-12', 'http://seeingstars.boards.net/thread/4181/'),
(121, 44, 'A Sound of Thunder Handicap', 41, 2, '9.5', '', '', NULL, '2015-11-12', 'http://seeingstars.boards.net/thread/4225/'),
(122, 44, 'Calumet Breeders Stakes', 42, 1, '12.0', '', '', NULL, '2015-11-08', 'http://seeingstars.boards.net/thread/4185/'),
(123, 44, 'Lord Commander Stakes', 42, 1, '7.0', '', '', NULL, '2015-11-04', 'http://seeingstars.boards.net/thread/4183'),
(124, 44, 'Halloween Classic Stakes', 41, 2, '10.0', '', '', NULL, '2015-10-30', 'http://seeingstars.boards.net/thread/4114/'),
(125, 44, 'Tiki Tavi Stakes', 41, 2, '6.0', '', '', NULL, '2015-10-30', 'http://seeingstars.boards.net/thread/4113/'),
(126, 44, 'Two Minutes to Midnight Stakes', 41, 1, '10.0', '', '', NULL, '2015-10-25', 'http://seeingstars.boards.net/thread/4110'),
(127, 44, 'Alphabet Soup Stakes', 41, 2, '11.5', '', '', NULL, '2015-10-23', 'http://seeingstars.boards.net/thread/4079/'),
(128, 44, 'More Than Ready Handicap', 42, 2, '9.0', '', '', NULL, '2015-10-23', 'http://seeingstars.boards.net/thread/4078/'),
(129, 44, 'Real Quiet Stakes', 41, 2, '7.0', '', '', NULL, '2015-10-23', 'http://seeingstars.boards.net/thread/4077/'),
(130, 44, 'Devil''s House Handicap', 41, 1, '8.5', '', '', NULL, '2015-10-23', 'http://seeingstars.boards.net/thread/4050/'),
(131, 44, 'Blaze of Glory Stakes', 41, 2, '10.0', '', '', NULL, '2015-10-20', 'http://seeingstars.boards.net/thread/4021/'),
(132, 44, 'Diamond Dog Stakes', 42, 1, '12.0', '', '', NULL, '2015-10-19', 'http://seeingstars.boards.net/thread/3863/'),
(133, 44, 'Tick Tock Handicap', 41, 2, '9.0', '', '', NULL, '2015-10-18', 'http://seeingstars.boards.net/thread/3839/'),
(134, 44, 'Quick Brown Fox Stakes', 41, 2, '6.0', '', '', NULL, '2015-10-15', 'http://seeingstars.boards.net/thread/3838'),
(135, 44, 'Low Rider Handicap', 41, 1, '8.5', '', '', NULL, '2015-10-12', 'http://seeingstars.boards.net/thread/3821/'),
(136, 44, 'Sharp as Knives Stakes', 41, 2, '9.5', '', '', NULL, '2015-10-08', 'http://seeingstars.boards.net/thread/3625'),
(137, 44, 'Hurricane Hustle Handicap', 42, 2, '7.0', '', '', NULL, '2015-10-08', 'http://seeingstars.boards.net/thread/3624'),
(138, 44, 'King of the Mountain Stakes', 42, 1, '12.0', '', '', NULL, '2015-10-06', 'http://seeingstars.boards.net/thread/3612'),
(139, 44, 'Too Fast Handicap', 41, 1, '9.0', '', '', NULL, '2015-10-04', 'http://seeingstars.boards.net/thread/3611/'),
(140, 44, 'Lunar Eclipse Stakes', 42, 1, '8.0', '', '', NULL, '2015-10-03', 'http://seeingstars.boards.net/thread/3610'),
(141, 44, 'Stand and Deliver Stakes', 41, 3, '8.0', '', '', NULL, '2016-03-27', 'http://seeingstars.boards.net/thread/5785'),
(142, 44, 'Moonlight Stakes', 41, 2, '12.0', '', '', NULL, '2016-03-27', 'http://seeingstars.boards.net/thread/5793/'),
(143, 44, 'Heart and Soul Stakes', 42, 2, '9.0', '', '', NULL, '2015-10-02', 'http://seeingstars.boards.net/thread/3584/'),
(144, 44, 'Let Me In Handicap', 41, 2, '7.0', '', '', NULL, '2015-10-02', 'http://seeingstars.boards.net/thread/3583'),
(146, 44, 'Walk the Dog Handicap', 41, 1, '9.0', '', '', NULL, '2015-09-30', 'http://seeingstars.boards.net/thread/3565/'),
(147, 44, 'Stars Align Sprint Stakes', 42, 2, '7.0', '', '', NULL, '2015-09-28', 'http://seeingstars.boards.net/thread/3515/'),
(148, 31, 'Phalaris Stakes', 42, 37, '7.0', '', '', NULL, '2015-09-26', 'http://seeingstars.boards.net/thread/3410'),
(149, 44, 'Do or Do Not Handicap', 42, 2, '9.0', '', '', NULL, '2015-09-22', 'http://seeingstars.boards.net/thread/3397/'),
(150, 29, 'September 19', 41, 1, '9.0', '', '', NULL, '2015-09-22', 'http://seeingstars.boards.net/thread/3421'),
(151, 44, 'North Star Stakes', 42, 1, '10.0', '', '', NULL, '2015-09-22', 'http://seeingstars.boards.net/thread/3369/'),
(152, 44, 'Come What May Stakes', 41, 2, '6.0', '', '', NULL, '2015-09-22', 'http://seeingstars.boards.net/thread/3396/'),
(153, 29, 'September 15', 41, 1, '12.0', '', '', NULL, '2015-09-15', 'http://seeingstars.boards.net/thread/3371/'),
(156, 44, 'Whirlwind Tour Handicap', 42, 2, '9.0', '', '', NULL, '2015-06-27', 'http://seeingstars.boards.net/thread/2288'),
(158, 31, 'Da Hoss Handicap', 42, 37, '7.5', '', '', NULL, '2015-09-18', 'http://seeingstars.boards.net/thread/3339/da-hoss-handicap-turf-completed'),
(159, 31, 'California Flag Handicap', 42, 37, '6.0', '', '', NULL, '2015-09-18', 'http://seeingstars.boards.net/thread/3338/california-flag-handicap-turf-completed'),
(160, 31, 'Shackleford Handicap', 41, 37, '8.0', '', '', NULL, '2015-09-18', 'http://seeingstars.boards.net/thread/3340/shackleford-handicap-8f-dirt-completed'),
(161, 44, 'Heart On Your Sleeve Stakes', 42, 2, '7.5', '', '', NULL, '2015-09-16', 'http://seeingstars.boards.net/thread/3304'),
(162, 29, 'September 10', 42, 1, '10.0', '', '', NULL, '2015-09-15', 'http://seeingstars.boards.net/thread/3312/sept-maiden-special-weight-completed'),
(163, 44, 'New Earth Handicap', 42, 1, '12.0', '', '', NULL, '2015-09-15', 'http://seeingstars.boards.net/thread/3283'),
(164, 44, 'Tooth and Claw Stakes', 41, 1, '9.5', '', '', NULL, '2015-09-15', 'http://seeingstars.boards.net/thread/3282'),
(165, 31, 'Forego Stakes', 41, 37, '7.0', '', '', NULL, '2015-09-12', 'http://seeingstars.boards.net/thread/3169/forego-stakes-7f-dirt-completed'),
(166, 44, 'Skip To My Loo Stakes', 42, 1, '7.0', '', '', NULL, '2015-09-11', 'http://seeingstars.boards.net/thread/3281/skip-loo-stakes-dirt-completed'),
(167, 44, 'Six Step Sprint Stakes', 41, 2, '6.0', '', '', NULL, '2015-09-09', 'http://seeingstars.boards.net/thread/3171/step-sprint-stakes-dirt-completed'),
(168, 44, 'Boardwalk Distaff Stakes', 41, 2, '8.0', '', '', NULL, '2015-09-08', 'http://seeingstars.boards.net/thread/3173/boardwalk-distaff-stakes-dirt-completed'),
(169, 31, 'Danehill Memorial Stakes', 42, 37, '7.0', '', '', NULL, '2015-09-12', 'http://seeingstars.boards.net/thread/3167/danehill-memorial-stakes-turf-completed'),
(170, 31, 'Miesque Memorial Stakes', 42, 37, '8.0', '', '', NULL, '2015-09-12', 'http://seeingstars.boards.net/thread/3168'),
(171, 44, 'Williamstown Stakes', 42, 2, '13.0', '', '', NULL, '2015-09-09', 'http://seeingstars.boards.net/thread/3142'),
(172, 44, 'Scaredy Cat Stakes', 42, 1, '13.0', '', '', NULL, '2015-09-08', 'http://seeingstars.boards.net/thread/3147/scaredy-cat-stakes-turf-completed'),
(173, 44, 'Washoe Club Handicap', 41, 1, '9.0', '', '', NULL, '2015-09-05', 'http://seeingstars.boards.net/thread/3146'),
(174, 31, 'Gulch Handicap', 41, 37, '7.0', '', '', NULL, '2015-09-05', 'http://seeingstars.boards.net/thread/3109/gulch-handicap-7f-dirt-completed'),
(175, 44, 'Haypenny Handicap', 41, 1, '8.5', '', '', NULL, '2015-09-02', 'http://seeingstars.boards.net/thread/3119/haypenny-handicap-5f-dirt-completed'),
(176, 29, 'August 31', 42, 1, '8.0', '', '', NULL, '2015-09-01', 'http://seeingstars.boards.net/thread/3125/august-maiden-special-weight-completed'),
(179, 44, 'Precisionist Handicap', 41, 2, '6.0', '', '', NULL, '2015-08-31', 'http://seeingstars.boards.net/thread/3090/precisionist-handicap-dirt-giii-completed'),
(180, 44, 'Fancy Free Stakes', 42, 1, '13.0', '', '', NULL, '2015-08-30', 'http://seeingstars.boards.net/thread/3037/fancy-free-stakes-turf-completed'),
(181, 31, 'Memories of Silver Stakes', 42, 37, '9.0', '', '', NULL, '2015-09-29', 'http://seeingstars.boards.net/thread/3069/memories-silver-stakes-turf-completed'),
(182, 31, 'Lost in the Fog Stakes', 41, 37, '7.0', '', '', NULL, '2015-08-29', 'http://seeingstars.boards.net/thread/3071/lost-fog-stakes-dirt-completed'),
(185, 44, 'Heart in Stone Handicap', 42, 2, '15.0', '', '', NULL, '2015-08-27', 'http://seeingstars.boards.net/thread/2805'),
(186, 44, 'Round the Bend Stakes', 42, 2, '9.0', '', '', NULL, '2015-08-26', 'http://seeingstars.boards.net/thread/2804/round-bend-stakes-turf-completed'),
(187, 44, 'Digging Dinosaurs Handicap', 41, 1, '11.5', '', '', NULL, '2015-09-30', 'http://seeingstars.boards.net/thread/3036'),
(188, 31, 'Sadlers Wells Handicap', 42, 37, '15.0', '', '', NULL, '2015-09-23', 'http://seeingstars.boards.net/thread/2966/sadlers-wells-handicap-turf-completed'),
(189, 31, 'Flawlessly Memorial Handicap', 42, 37, '10.0', '', '', NULL, '2015-09-23', 'http://seeingstars.boards.net/thread/2965/flawlessly-memorial-handicap-turf-completed'),
(190, 31, 'Bold Ruler Handicap', 41, 37, '6.0', '', '', '', '2016-04-23', 'http://seeingstars.boards.net/thread/2967'),
(191, 44, 'Haunted Hullabaloo Handicap', 41, 2, '7.0', '', '', NULL, '2015-09-22', 'http://seeingstars.boards.net/thread/2803'),
(192, 29, 'August 7', 41, 1, '9.0', '', '', NULL, '2015-08-18', 'http://seeingstars.boards.net/thread/2887/august-maiden-special-weight-completed'),
(193, 44, 'Hot to Trot Stakes', 42, 1, '12.5', '', '', NULL, '2015-09-18', 'http://seeingstars.boards.net/thread/2760'),
(194, 44, 'Monkey See Money Do Handicap', 41, 1, '10.0', '', '', NULL, '2015-08-18', 'http://seeingstars.boards.net/thread/2759/monkey-handicap-10f-dirt-completed'),
(195, 31, 'Dr. Fager Memorial Stakes', 41, 37, '7.0', '', '', NULL, '2015-08-16', 'http://seeingstars.boards.net/thread/2924/fager-memorial-stakes-dirt-completed'),
(196, 31, 'Ouija Board Stakes', 42, 37, '9.0', '', '', NULL, '2015-08-16', 'http://seeingstars.boards.net/thread/2925/ouija-board-stakes-turf-completed'),
(197, 31, 'Round Table Memorial Stakes', 42, 37, '13.0', '', '', NULL, '2015-08-16', 'http://seeingstars.boards.net/thread/2923/round-table-memorial-stakes-completed'),
(198, 31, 'Go For Wand Memorial Handicap', 41, 37, '8.5', '', '', NULL, '2015-08-10', 'http://seeingstars.boards.net/thread/2855/wand-memorial-handicap-dirt-completed'),
(199, 31, 'Lady&#039;s Secret Stakes (Fillies Only)', 41, 37, '9.0', '', '', NULL, '2015-08-02', 'http://seeingstars.boards.net/thread/2711/ladys-secret-stakes-fillies-completed'),
(200, 44, 'Eveready Handicap', 42, 1, '8.0', '', '', NULL, '2015-12-13', 'http://seeingstars.boards.net/thread/2554'),
(201, 30, 'July 13 NW x 2/Optional Claiming', 41, 1, '10.0', '', '', NULL, '2015-08-18', 'http://seeingstars.boards.net/thread/3027/august-optional-claiming-turf-completed'),
(202, 29, 'July 24', 42, 1, '8.0', '', '', NULL, '2015-08-07', 'http://seeingstars.boards.net/thread/2690/july-maiden-special-weight-completed'),
(203, 30, 'August 18', 42, 37, '9.0', '', '', NULL, '2015-08-29', 'http://seeingstars.boards.net/thread/3027/august-optional-claiming-turf-completed'),
(207, 38, 'Wood Memorial', 41, 37, '9.0', '', '', NULL, '2016-04-16', 'http://seeingstars.boards.net/thread/5903'),
(208, 39, 'Gazelle Stakes', 41, 37, '9.0', '', '', NULL, '2016-04-15', 'http://seeingstars.boards.net/thread/5902'),
(209, 44, 'Headless Horseman Stakes', 41, 2, '9.0', '', '', NULL, '2016-04-09', 'http://seeingstars.boards.net/thread/5853'),
(210, 44, 'Salsa Two Step Handicap', 41, 2, '10.5', '', '', NULL, '2016-04-09', 'http://seeingstars.boards.net/thread/5795'),
(211, 44, 'Falsehoods Stakes', 41, 3, '8.0', '', '', NULL, '2016-04-12', 'http://seeingstars.boards.net/thread/5913'),
(212, 44, 'Live Clean', 41, 1, '10.0', '', '', NULL, '2015-07-29', 'http://seeingstars.boards.net/thread/2555'),
(213, 44, 'Heartspark Handicap', 41, 1, '7.0', '', '', NULL, '2015-07-06', 'http://seeingstars.boards.net/thread/2378'),
(214, 44, 'Faint at Heart Handicap', 41, 2, '12.0', '', '', NULL, '2015-03-31', 'http://seeingstars.boards.net/thread/1759'),
(215, 44, 'March 26', 41, 1, '12.0', '', '', NULL, '2016-03-28', 'http://seeingstars.boards.net/thread/5771'),
(216, 44, 'Arlington Handicap', 42, 1, '12.0', '', '', NULL, '2015-07-27', 'http://seeingstars.boards.net/thread/2538/arlington-handicap-12f-turf-completed'),
(217, 44, 'Up With the Birds Handicap', 42, 1, '9.0', '', '', NULL, '2015-07-27', 'http://seeingstars.boards.net/thread/2537/birds-handicap-9f-turf-completed'),
(218, 44, 'Canturbury Stakes', 41, 1, '7.0', '', '', NULL, '2015-07-27', 'http://seeingstars.boards.net/thread/2536/canterbury-stakes-7f-dirt-completed'),
(219, 31, 'Busher Handicap', 41, 37, '9.5', '', '', NULL, '2015-07-26', 'http://seeingstars.boards.net/thread/2617/busher-handicap-5f-dirt-completed'),
(220, 29, 'July 12', 41, 1, '9.0', '', '', NULL, '2015-07-23', 'http://seeingstars.boards.net/thread/2541/july-maiden-special-weight-completed'),
(221, 31, 'Personal Ensign Memorial Stakes', 41, 37, '9.0', '', '', NULL, '2015-07-19', 'http://seeingstars.boards.net/thread/2529'),
(222, 44, 'Phoenix Stone Stakes', 41, 2, '10.0', '', '', NULL, '2016-04-11', 'http://seeingstars.boards.net/thread/5918'),
(223, 44, 'Lockdown Handicap', 41, 2, '10.0', '', '', NULL, '2016-04-12', 'http://seeingstars.boards.net/thread/5912'),
(224, 31, 'Distaff', 41, 37, '9.0', '', '', NULL, '2015-11-01', 'http://seeingstars.boards.net/thread/4135'),
(225, 31, 'Turf', 42, 37, '12.0', '', '', NULL, '2015-11-01', 'http://seeingstars.boards.net/thread/4134'),
(226, 31, 'Marathon', 42, 37, '15.0', '', '', NULL, '2015-11-01', 'http://seeingstars.boards.net/thread/4132'),
(227, 31, 'Filly & Mare', 42, 37, '10.0', '', '', NULL, '2015-11-01', 'http://seeingstars.boards.net/thread/4133'),
(228, 31, 'Turf Mile', 42, 37, '8.0', '', '', NULL, '2015-11-01', 'http://seeingstars.boards.net/thread/4131'),
(229, 31, 'Dirt Sprint', 41, 37, '7.0', '', '', NULL, '2015-11-01', 'http://seeingstars.boards.net/thread/4128'),
(230, 31, 'Turf Sprint', 42, 37, '7.0', '', '', NULL, '2015-11-01', 'http://seeingstars.boards.net/thread/4129'),
(231, 44, 'Uncharted Handicap', 42, 2, '9.0', '', '', NULL, '2016-04-13', 'http://seeingstars.boards.net/thread/5935/'),
(232, 44, 'Last Fantasy Handicap', 41, 2, '10.0', '', '', NULL, '2016-04-14', 'http://seeingstars.boards.net/thread/5944'),
(234, 44, 'Tools of Destruction Stakes', 41, 2, '8.0', '', '', NULL, '2016-04-15', 'http://seeingstars.boards.net/thread/5975'),
(235, 44, 'Red Fox Handicap', 42, 2, '12.5', '', '', NULL, '2016-04-23', 'http://seeingstars.boards.net/thread/5952'),
(236, 44, 'Big Boss Handicap', 41, 1, '8.0', '', '', NULL, '2015-10-19', 'http://seeingstars.boards.net/thread/3862'),
(237, 44, 'Going Commando Stakes', 41, 2, '8.0', '', '', NULL, '2016-04-19', 'http://seeingstars.boards.net/thread/5991/'),
(238, 44, 'Socket & Clink Stakes', 41, 1, '9.0', '', '', NULL, '2016-04-20', 'http://seeingstars.boards.net/thread/6001'),
(239, 44, 'A Thief''s End Handicap', 41, 3, '9.0', '', '', NULL, '2016-04-23', 'http://seeingstars.boards.net/thread/6004'),
(240, 30, 'RHA April 19 Under 75', 41, 2, '7.0', '', '', NULL, '2016-04-20', 'http://seeingstars.boards.net/thread/5999'),
(241, 30, 'April 19 Under 70', 42, 2, '9.0', '', '', NULL, '2016-04-21', 'http://seeingstars.boards.net/thread/6003'),
(242, 30, 'April 20 Under 75', 42, 2, '10.0', '', '', NULL, '2016-04-23', 'http://seeingstars.boards.net/thread/6013'),
(243, 44, 'Living Large Stakes', 41, 1, '9.0', '', '', NULL, '2016-04-22', 'http://seeingstars.boards.net/thread/6026'),
(244, 30, 'April 21 Under 75', 41, 2, '8.0', '', '', NULL, '2016-04-24', 'http://seeingstars.boards.net/thread/6027'),
(245, 30, 'April 21 Under 70', 41, 2, '10.0', '', '', NULL, '2016-04-23', 'http://seeingstars.boards.net/thread/6025'),
(246, 30, 'RKO Haven Marathon AL 70 & Under', 42, 2, '12.0', '', '', NULL, '2016-04-08', 'http://seeingstars.boards.net/thread/5840/rko-haven-marathon-turf-allowance'),
(247, 44, 'RKO Haven Sprint', 41, 1, '6.0', '', '', NULL, '2015-04-11', 'http://seeingstars.boards.net/thread/279/haven-sprint-level-track-completed'),
(248, 30, 'Apr. 7th Allowance, 3 or less wins', 41, 37, '12.0', '', '', NULL, '2015-04-13', 'http://seeingstars.boards.net/thread/1049/allowance-less-wins-dirt-completed'),
(249, 30, 'RKO Haven Distance, allowance, 3 or less wins', 42, 37, '16.0', '', '', NULL, '2015-04-20', 'http://seeingstars.boards.net/thread/1050/haven-distance-allowance-less-completed'),
(250, 29, 'RKO Haven Derby Fun', 42, 37, '8.0', '', '', NULL, '2015-04-20', 'http://seeingstars.boards.net/thread/1276/haven-derby-maiden-level-completed'),
(251, 44, 'RKO Haven Sprint', 41, 1, '6.0', '', '', NULL, '2015-05-08', 'http://seeingstars.boards.net/thread/1568/rko-haven-sprint-dirt-completed'),
(252, 29, 'May 7 (70 and under)', 42, 37, '8.0', '', '', NULL, '2015-05-07', 'http://seeingstars.boards.net/thread/1602/maiden-special-weight-70-turf'),
(253, 44, 'RKO Haven Summer Start Marathon', 42, 1, '16.0', '', '', NULL, '2015-06-10', 'http://seeingstars.boards.net/thread/2015/haven-summer-start-marathon-completed'),
(254, 44, 'RKO Haven Summer Start Sprint', 42, 1, '6.0', '', '', NULL, '2015-06-10', 'http://seeingstars.boards.net/thread/2014/haven-summer-start-sprint-completed'),
(255, 29, 'RKO Haven Summer Start Stakes 65 & Under', 42, 1, '8.0', '', '', NULL, '2015-06-10', 'http://seeingstars.boards.net/thread/2013/haven-summer-start-stakes-completed'),
(256, 44, 'RKO Haven GII 75 & Over Classic', 41, 3, '8.0', '', '', NULL, '2015-06-25', 'http://seeingstars.boards.net/thread/2150/haven-over-classic-dirt-completed'),
(257, 29, 'RKO Have Run for Fun', 41, 1, '11.0', '', '', NULL, '2015-07-08', 'http://seeingstars.boards.net/thread/2151/maiden-special-weight-dirt-complete'),
(258, 44, 'RKO Haven Stakes', 41, 1, '8.0', '', '', NULL, '2016-01-16', 'http://seeingstars.boards.net/thread/4986/rko-haven-stakes-dirt-completed'),
(259, 50, 'Sam Houston Opening Day', 41, 37, '8.0', '', '', NULL, '2016-01-17', 'http://seeingstars.boards.net/thread/4988/houston-opening-fillies-prep-complete'),
(260, 48, 'Sam Houston Opening Day Colts', 41, 37, '8.0', '', '', NULL, '2016-01-17', 'http://seeingstars.boards.net/thread/4987/houston-opening-colts-prep-completed'),
(261, 50, 'San Jacinto Turf Stakes', 42, 37, '12.0', '', '', NULL, '2016-01-19', 'http://seeingstars.boards.net/thread/5025/jacinto-turf-stakes-classic-complete'),
(262, 50, 'Bara Lass Stakes', 41, 37, '10.0', '', '', NULL, '2016-01-19', 'http://seeingstars.boards.net/thread/5024/bara-stakes-ladies-classic-complete'),
(263, 29, 'RKO Texas Two Step', 42, 1, '12.0', '', '', NULL, '2016-01-19', 'http://seeingstars.boards.net/thread/5023/texas-maiden-special-weight-complet'),
(264, 50, 'Yellow Rose Stakes', 41, 37, '9.0', '', '', NULL, '2016-01-19', 'http://seeingstars.boards.net/thread/5026/yellow-stakes-ladies-classic-complete'),
(265, 50, 'Texas Ladies Night Out', 42, 37, '8.0', '', '', NULL, '2016-01-21', 'http://seeingstars.boards.net/thread/5050/texas-ladies-night-fillys-complete'),
(266, 48, 'Richard King Turf Stakes Colts', 42, 37, '12.0', '', '', NULL, '2016-01-21', 'http://seeingstars.boards.net/thread/5051/richard-king-turf-stakes-colts'),
(267, 48, 'Star Of Texas Stakes Colts', 41, 37, '9.0', '', '', NULL, '2016-01-21', 'http://seeingstars.boards.net/thread/5047/star-texas-stakes-colts-completed'),
(268, 50, 'Texas Holdum Fillys', 42, 37, '10.0', '', '', NULL, '2016-01-21', 'http://seeingstars.boards.net/thread/5049/texas-holdum-prep-fillys-completed'),
(269, 53, 'Groovy Stakes Colts', 41, 37, '12.0', '', '', NULL, '2016-01-21', 'http://seeingstars.boards.net/thread/5045/groovy-stakes-prep-colts-completed'),
(270, 50, 'Belle Of Texas Fillys', 42, 37, '8.5', '', '', NULL, '2016-01-21', 'http://seeingstars.boards.net/thread/5048/belle-texas-prep-fillys-completed'),
(271, 53, 'Spirit Of Texas StakesvColts', 41, 37, '10.0', '', '', NULL, '2016-01-23', 'http://seeingstars.boards.net/thread/5046/spirit-texas-stakes-colts-complete'),
(272, 30, 'Jan 24. 2 wins less', 41, 37, '10.0', '', '', NULL, '2016-01-24', 'http://seeingstars.boards.net/thread/5103/wins-less-optional-claiming-complete'),
(273, 30, 'Jan. 24 OL 1 win / less 69 and Under', 41, 1, '7.0', '', '', NULL, '2016-01-24', 'http://seeingstars.boards.net/thread/5074/jan-win-less-dirt-completed'),
(274, 48, 'Texas Round Up Colts only', 41, 37, '8.0', '', '', NULL, '2016-01-23', 'http://seeingstars.boards.net/thread/5070/texas-round-prep-colts-completed'),
(275, 44, 'RKO Stakes', 42, 1, '8.0', '', '', NULL, '2016-01-26', 'http://seeingstars.boards.net/thread/5104/stakes-open-level-turf-completed'),
(276, 30, 'Got Game Stakes, Under 85', 41, 3, '8.5', '', '', NULL, '2016-01-26', 'http://seeingstars.boards.net/thread/5075/game-stakes-allowance-dirt-completed'),
(277, 50, 'Texas Ladies Classic Inventational Fillys', 42, 37, '8.8', '', '', NULL, '2016-01-30', 'http://seeingstars.boards.net/thread/5069/texas-ladies-classic-inventational-fillys'),
(278, 48, 'Texas Gold Stakes Colts only', 41, 37, '10.0', '', '', NULL, '2016-01-31', 'http://seeingstars.boards.net/thread/5125/texas-gold-stakes-colts-completed'),
(279, 48, 'Texas Star Stakes Colts', 41, 37, '10.5', '', '', NULL, '2016-02-01', 'http://seeingstars.boards.net/thread/5126/texas-star-stakes-colts-complete'),
(280, 30, 'RKO Haven Stakes Allowance', 41, 1, '8.5', '', '', NULL, '2016-02-02', 'http://seeingstars.boards.net/thread/5158/haven-stakes-dirt-allowance-comple'),
(281, 44, 'RKO Haven Marathon', 42, 1, '15.5', '', '', NULL, '2016-02-05', 'http://seeingstars.boards.net/thread/5159/haven-marathon-open-level-completed'),
(282, 53, 'Maxxam Gold Cup Invitational Colts', 41, 37, '12.0', '', '', NULL, '2016-02-27', 'http://seeingstars.boards.net/thread/5183/maxxam-gold-inventational-colts-completed'),
(283, 30, 'RKO Fools Run Under 70 Allowance', 42, 37, '15.5', '', '', NULL, '2016-03-30', 'http://seeingstars.boards.net/thread/5820/fools-open-level-turf-allowance'),
(284, 30, 'Lone Star Pick Up', 41, 1, '12.0', '', '', NULL, '2016-04-05', 'http://seeingstars.boards.net/thread/5819/lone-star-pick-dirt-allowance'),
(285, 30, 'RKO Haven Sprint OL 1 win or less Allowance', 41, 1, '6.0', '', '', NULL, '2016-04-07', 'http://seeingstars.boards.net/thread/5841/haven-sprint-less-allowance-dirt'),
(286, 30, 'RKO Haven Marathon AL', 42, 37, '12.0', '', '', NULL, '2016-04-08', 'http://seeingstars.boards.net/thread/5840/rko-haven-marathon-turf-allowance'),
(287, 44, 'Best In Show', 42, 1, '9.0', '', '', NULL, '2016-04-21', 'http://seeingstars.boards.net/thread/6018/best-show-stakes-9f-closed'),
(288, 44, 'Melon Ball', 42, 1, '10.0', '', '', NULL, '2016-04-20', 'http://seeingstars.boards.net/thread/6014/melon-ball-stakes-10f-closed'),
(289, 29, 'Callie Cat', 42, 1, '8.0', '', '', NULL, '2016-04-17', 'http://seeingstars.boards.net/thread/5982/callie-cat-maiden-8f-open'),
(290, 29, 'Taco Taco', 42, 1, '6.0', '', '', NULL, '2016-04-16', 'http://seeingstars.boards.net/thread/5973/taco-maiden-6f-tf-closed'),
(291, 44, 'Sample Run', 42, 1, '12.0', '', '', NULL, '2016-04-15', 'http://seeingstars.boards.net/thread/5969/sample-run-maiden-12f-open'),
(292, 44, 'Fucidin Stakes', 42, 1, '15.0', '', '', NULL, '2016-04-15', 'http://seeingstars.boards.net/thread/5875/fucidin-stakes-15f-tf-closed'),
(293, 29, 'Long Run', 42, 1, '15.0', '', '', NULL, '2016-04-15', 'http://seeingstars.boards.net/thread/5947/long-run-maiden-15f-closed'),
(294, 29, 'Avery', 41, 1, '8.0', '', '', NULL, '2016-04-15', 'http://seeingstars.boards.net/thread/5974/avery-maiden-8f-dt-closed'),
(295, 29, 'Toffee Nut', 42, 1, '6.0', '', '', NULL, '2016-04-14', 'http://seeingstars.boards.net/thread/5945/toffee-nut-maiden-6f-closed'),
(296, 29, 'Wildlife', 41, 1, '12.0', '', '', NULL, '2016-04-14', 'http://seeingstars.boards.net/thread/5946/wildlife-maiden-12f-dt-closed'),
(297, 29, 'Caramel Cocoa', 42, 1, '6.0', '', '', NULL, '2016-04-13', 'http://seeingstars.boards.net/thread/5892/caramel-cocoa-maiden-6f-closed'),
(298, 38, 'Citation Memorial', 42, 37, '12.0', '', '', NULL, '2011-05-02', 'http://z7.invisionfree.com/seeingstars/index.php?showtopic=9148'),
(299, 38, 'Man O War Stakes', 41, 37, '12.5', '', '', NULL, '2011-04-28', 'http://z7.invisionfree.com/seeingstars/index.php?showtopic=8942'),
(300, 38, 'Secretariat Dash', 42, 37, '8.0', '', '', NULL, '2011-04-12', 'http://z7.invisionfree.com/seeingstars/index.php?showtopic=8445'),
(301, 47, 'Seabiscuit Stakes', 41, 37, '9.0', '', '', NULL, '2011-03-31', 'http://z7.invisionfree.com/seeingstars/index.php?showtopic=8494'),
(302, 44, 'RKO Haven Derby', 42, 37, '12.0', '', '', NULL, '2011-03-25', 'http://z7.invisionfree.com/seeingstars/index.php?showtopic=7849'),
(303, 44, 'RKO Haven Race', 41, 37, '11.0', '', '', NULL, '2011-02-10', 'http://z7.invisionfree.com/seeingstars/index.php?showtopic=7324'),
(304, 44, 'RKO Stallion Classic', 42, 37, '15.0', '', '', NULL, '2011-06-25', 'http://z7.invisionfree.com/seeingstars/index.php?showtopic=9739'),
(305, 38, 'SS Belmont Stakes', 41, 37, '10.5', '', '', NULL, '2011-06-15', 'http://z7.invisionfree.com/seeingstars/index.php?showtopic=9726'),
(306, 44, 'RKO Haven Sprint', 41, 37, '7.0', '', '', NULL, '2011-06-12', 'http://z7.invisionfree.com/seeingstars/index.php?showtopic=9741'),
(307, 44, 'RKO Haven Sprint', 41, 37, '7.0', '', '', NULL, '2011-06-06', 'http://z7.invisionfree.com/seeingstars/index.php?showtopic=9741'),
(308, 44, 'Run For Fun Stakes', 41, 37, '7.0', '', '', NULL, '2011-06-04', 'http://z7.invisionfree.com/seeingstars/index.php?showtopic=9289'),
(309, 44, 'Derby Time', 41, 37, '12.5', '', '', NULL, '2011-05-27', 'http://z7.invisionfree.com/seeingstars/index.php?showtopic=9225'),
(310, 38, 'Gold Standard Dash', 41, 37, '10.0', '', '', NULL, '2011-05-25', 'http://z7.invisionfree.com/seeingstars/index.php?showtopic=9291'),
(311, 38, 'Run for the Gold', 42, 37, '11.0', '', '', NULL, '2011-05-12', 'http://z7.invisionfree.com/seeingstars/index.php?showtopic=9238'),
(312, 44, 'RKO Haven Spring Sprint', 41, 37, '7.0', '', '', NULL, '2011-05-04', 'http://z7.invisionfree.com/seeingstars/index.php?showtopic=8450'),
(313, 44, 'RKO Summer Time Sprint', 42, 37, '6.0', '', '', NULL, '2011-07-22', 'http://z7.invisionfree.com/seeingstars/index.php?showtopic=10117'),
(314, 44, 'RKO Long Haul Dash', 42, 37, '17.0', '', '', NULL, '2011-07-21', 'http://z7.invisionfree.com/seeingstars/index.php?showtopic=10119'),
(315, 44, 'RKO Fun Time Stakes', 42, 37, '11.0', '', '', NULL, '2011-07-08', 'http://z7.invisionfree.com/seeingstars/index.php?showtopic=10118'),
(316, 36, 'RKO Cherryblossom Classic', 42, 37, '10.0', '', '', NULL, '2011-06-25', 'http://z7.invisionfree.com/seeingstars/index.php?showtopic=9740'),
(317, 44, 'Home for the Holiday Sprint', 42, 37, '6.0', '', '', NULL, '2011-11-29', 'http://z7.invisionfree.com/seeingstars/index.php?showtopic=11570'),
(318, 44, 'Wonder Of Summer', 42, 2, '11.0', '', '', NULL, '2011-06-09', 'http://z7.invisionfree.com/seeingstars/index.php?showtopic=9780'),
(319, 44, 'RKO Winter Sprint', 42, 1, '8.0', '', '', NULL, '2011-11-21', 'http://z7.invisionfree.com/seeingstars/index.php?showtopic=11507'),
(320, 44, 'Santa''s Helper Sprint', 41, 2, '8.0', '', '', NULL, '2011-12-19', 'http://z7.invisionfree.com/seeingstars/index.php?showtopic=11656'),
(321, 31, 'Santa Express Stakes', 42, 37, '16.0', '', '', NULL, '2011-12-09', 'http://z7.invisionfree.com/seeingstars/index.php?showtopic=11654'),
(322, 44, 'Rock Around The Tree Dash', 41, 37, '10.5', '', '', NULL, '2011-11-29', 'http://z7.invisionfree.com/seeingstars/index.php?showtopic=11651'),
(323, 44, 'Holiday Cheer Sprint', 42, 2, '6.0', '', '', NULL, '2011-12-30', 'http://z7.invisionfree.com/seeingstars/index.php?showtopic=11905'),
(324, 44, 'New Year Dash ', 42, 37, '8.0', '', '', NULL, '2011-12-30', 'http://z7.invisionfree.com/seeingstars/index.php?showtopic=11902'),
(325, 44, 'Spring Fling Sprint', 41, 1, '6.0', '', '', NULL, '2011-01-15', 'http://z7.invisionfree.com/seeingstars/index.php?showtopic=12076'),
(326, 44, 'RKO Marathon', 42, 1, '15.5', 'Cloudy', 'Fast', '3:17.7', '2010-12-15', 'http://z7.invisionfree.com/seeingstars/index.php?showtopic=12078'),
(327, 44, 'Rockin Robin Stakes', 42, 1, '12.5', '', '', NULL, '2011-01-15', 'http://z7.invisionfree.com/seeingstars/index.php?showtopic=12077'),
(328, 31, 'Chippindales Stakes - Colts Only ', 41, 37, '10.5', '', '', NULL, '2011-01-13', 'http://z7.invisionfree.com/seeingstars/index.php?showtopic=12051'),
(329, 31, 'Ladies Night Out Dash (Fillies Only)', 42, 37, '8.0', '', '', NULL, '2011-01-12', 'http://z7.invisionfree.com/seeingstars/index.php?showtopic=12038'),
(330, 31, 'Mid Winter Ball Stakes', 41, 37, '10.5', '', '', NULL, '2011-01-12', 'http://z7.invisionfree.com/seeingstars/index.php?showtopic=12036'),
(331, 36, 'Beauty Queen Stakes', 41, 1, '9.5', '', '', NULL, '2012-01-31', 'http://z7.invisionfree.com/seeingstars/index.php?showtopic=12159'),
(332, 44, 'Spring Flowers Sprint', 42, 1, '6.0', '', '', NULL, '2012-01-28', 'http://z7.invisionfree.com/seeingstars/index.php?showtopic=12147'),
(333, 44, 'Run for Fun Dash', 41, 1, '10.0', '', '', NULL, '2012-01-28', 'http://z7.invisionfree.com/seeingstars/index.php?showtopic=12149'),
(334, 44, 'Winter Cheer Stakes', 42, 1, '12.0', '', '', NULL, '2012-01-28', 'http://z7.invisionfree.com/seeingstars/index.php?showtopic=12131'),
(335, 44, 'Stormy Weather Dash', 41, 1, '6.0', '', '', NULL, '2012-01-25', 'http://z7.invisionfree.com/seeingstars/index.php?showtopic=12137'),
(336, 44, 'Bold Ruler Marathon', 42, 1, '15.0', '', '', NULL, '2012-01-25', 'http://z7.invisionfree.com/seeingstars/index.php?showtopic=12138'),
(337, 44, 'Texas Twister Stakes', 41, 3, '10.5', '', '', NULL, '2012-02-06', 'http://z7.invisionfree.com/seeingstars/index.php?showtopic=12188'),
(338, 44, 'Spring Flowers Dash', 42, 1, '8.0', '', '', NULL, '2012-02-06', 'http://z7.invisionfree.com/seeingstars/index.php?showtopic=12189'),
(339, 44, 'Fair Weather Marathon', 42, 1, '15.5', '', '', NULL, '2012-02-06', 'http://z7.invisionfree.com/seeingstars/index.php?showtopic=12190'),
(340, 44, 'Rainy Day Sprint', 41, 1, '6.0', '', '', NULL, '2012-02-04', 'http://z7.invisionfree.com/seeingstars/index.php?showtopic=12177'),
(341, 44, 'Sunshine Derby', 41, 2, '10.0', '', '', NULL, '2012-02-04', 'http://z7.invisionfree.com/seeingstars/index.php?showtopic=12179'),
(342, 47, 'King of the Hill', 41, 1, '9.5', '', '', NULL, '2012-01-31', 'http://z7.invisionfree.com/seeingstars/index.php?showtopic=12160'),
(343, 44, 'RKO Endurance Stakes', 42, 1, '20.0', '', '', NULL, '2012-01-28', 'http://z7.invisionfree.com/seeingstars/index.php?showtopic=12146'),
(344, 44, 'Rodeo Time Stakes', 41, 2, '10.0', '', '', NULL, '2012-02-23', 'http://z7.invisionfree.com/seeingstars/index.php?showtopic=12244'),
(345, 44, 'Love Cowboys Dash', 42, 1, '12.0', '', '', NULL, '2012-02-21', 'http://z7.invisionfree.com/seeingstars/index.php?showtopic=12245'),
(346, 47, 'RKO Kings Stakes', 42, 1, '15.5', '', '', NULL, '2012-02-19', 'http://z7.invisionfree.com/seeingstars/index.php?showtopic=12236'),
(347, 39, 'RKO Oaks', 41, 1, '8.5', '', '', NULL, '2012-02-19', 'http://z7.invisionfree.com/seeingstars/index.php?showtopic=12235'),
(348, 44, 'Dallas Round up Dash', 42, 1, '8.0', '', '', NULL, '2012-02-12', 'http://z7.invisionfree.com/seeingstars/index.php?showtopic=12217'),
(349, 44, 'RKO Champion Stakes', 42, 3, '8.8', '', '', NULL, '2012-02-11', 'http://z7.invisionfree.com/seeingstars/index.php?showtopic=12209'),
(350, 44, 'Houston Trail Stakes', 41, 1, '10.5', '', '', NULL, '2012-02-12', 'http://z7.invisionfree.com/seeingstars/index.php?showtopic=12215'),
(351, 44, 'Texas Spring Sprint', 41, 1, '6.0', '', '', NULL, '2012-02-12', 'http://z7.invisionfree.com/seeingstars/index.php?showtopic=12214'),
(352, 44, 'Del Rio Marathon', 42, 1, '16.0', '', '', NULL, '2012-02-12', 'http://z7.invisionfree.com/seeingstars/index.php?showtopic=12216'),
(353, 31, 'San Jacinto Stakes', 42, 37, '12.5', '', '', NULL, '2012-02-12', 'http://z7.invisionfree.com/seeingstars/index.php?showtopic=12218'),
(354, 44, 'RKO Haven Spring Fling', 41, 1, '12.0', '', '', NULL, '2012-02-08', 'http://z7.invisionfree.com/seeingstars/index.php?showtopic=12196'),
(355, 44, 'RKO Haven Stakes', 41, 2, '8.5', '', '', NULL, '2012-02-08', 'http://z7.invisionfree.com/seeingstars/index.php?showtopic=12197'),
(356, 44, 'Rockin Robin Stakes', 42, 1, '11.0', '', '', NULL, '2012-02-08', 'http://z7.invisionfree.com/seeingstars/index.php?showtopic=12195'),
(357, 44, 'Ready For Spring Sprint', 41, 1, '6.0', '', '', NULL, '2012-02-08', 'http://z7.invisionfree.com/seeingstars/index.php?showtopic=12194'),
(358, 57, 'March Marathon', 42, 1, '17.0', '', '', NULL, '2012-03-12', 'http://z7.invisionfree.com/seeingstars/index.php?showtopic=12369'),
(359, 44, 'Horse O Rama Sprint', 42, 3, '8.0', '', '', NULL, '2012-03-12', 'http://z7.invisionfree.com/seeingstars/index.php?showtopic=12382'),
(360, 44, 'Derby Time', 41, 2, '10.5', '', '', NULL, '2012-03-12', 'http://z7.invisionfree.com/seeingstars/index.php?showtopic=12384'),
(361, 57, 'Going For the Crown', 42, 37, '14.0', '', '', NULL, '2012-03-07', 'http://z7.invisionfree.com/seeingstars/index.php?showtopic=12312'),
(362, 44, 'Silver Spur Stakes', 41, 1, '8.0', '', '', NULL, '2012-02-24', 'http://z7.invisionfree.com/seeingstars/index.php?showtopic=12257'),
(363, 44, 'Lone Star Marathon', 42, 1, '17.0', '', '', NULL, '2012-02-24', 'http://z7.invisionfree.com/seeingstars/index.php?showtopic=12258'),
(364, 44, 'Gold Diggers Dash', 41, 1, '10.0', '', '', NULL, '2012-02-24', 'http://z7.invisionfree.com/seeingstars/index.php?showtopic=12259'),
(365, 44, 'Live Stock Dayz Sprint', 42, 1, '6.0', '', '', NULL, '2012-02-21', 'http://z7.invisionfree.com/seeingstars/index.php?showtopic=12247'),
(366, 44, 'Getalong lil Doggies Sprint', 41, 1, '6.0', '', '', NULL, '2012-02-21', 'http://z7.invisionfree.com/seeingstars/index.php?showtopic=12246'),
(367, 44, 'Breyer ELCR Dash', 42, 37, '11.0', '', '', NULL, '2012-03-18', 'http://z7.invisionfree.com/seeingstars/index.php?showtopic=12401'),
(368, 44, 'Lone Star Live Dash', 42, 2, '11.0', '', '', NULL, '2012-03-12', 'http://z7.invisionfree.com/seeingstars/index.php?showtopic=12383'),
(369, 57, 'Lord of the Turf', 42, 37, '20.0', '', '', NULL, '2012-03-14', 'http://z7.invisionfree.com/seeingstars/index.php?showtopic=12390'),
(370, 44, 'Race Time Dash', 42, 1, '11.0', '', '', NULL, '2012-03-25', 'http://z7.invisionfree.com/seeingstars/index.php?showtopic=12433'),
(371, 44, 'RKO Sprint to Win', 42, 1, '7.0', '', '', NULL, '2012-03-25', 'http://z7.invisionfree.com/seeingstars/index.php?showtopic=12434'),
(372, 44, 'RKO Sprint to Win', 42, 1, '7.0', '', '', NULL, '2012-03-25', 'http://z7.invisionfree.com/seeingstars/index.php?showtopic=12434'),
(373, 44, 'Let''s Race Stakes', 41, 1, '10.5', '', '', NULL, '2012-03-25', 'http://z7.invisionfree.com/seeingstars/index.php?showtopic=12432'),
(374, 44, 'Sprinter Love', 41, 2, '8.0', '', '', NULL, '2012-03-25', 'http://z7.invisionfree.com/seeingstars/index.php?showtopic=12435'),
(375, 44, 'Texas Summer Fun Dash', 41, 1, '8.0', '', '', NULL, '2012-08-01', 'http://z7.invisionfree.com/seeingstars/index.php?showtopic=12924'),
(376, 44, 'Summer Marathon', 42, 1, '17.0', '', '', NULL, '2012-08-01', 'http://z7.invisionfree.com/seeingstars/index.php?showtopic=12925'),
(377, 44, 'Iam Back Stakes', 42, 1, '10.0', '', '', NULL, '2012-08-01', 'http://z7.invisionfree.com/seeingstars/index.php?showtopic=12923'),
(378, 44, 'Back to School Dash', 41, 1, '6.0', '', '', NULL, '2012-08-26', 'http://z7.invisionfree.com/seeingstars/index.php?showtopic=12981'),
(379, 44, 'Texas Autum Stakes', 41, 2, '10.5', '', '', NULL, '2012-08-26', 'http://z7.invisionfree.com/seeingstars/index.php?showtopic=12982'),
(380, 44, 'Love Math Stakes', 41, 1, '8.5', '', '', NULL, '2012-08-26', 'http://z7.invisionfree.com/seeingstars/index.php?showtopic=12984'),
(381, 44, 'Fall Classic', 42, 2, '12.5', '', '', NULL, '2012-08-26', 'http://z7.invisionfree.com/seeingstars/index.php?showtopic=12980'),
(382, 44, 'Kats Back Dash', 42, 2, '8.8', '', '', NULL, '2012-08-26', 'http://z7.invisionfree.com/seeingstars/index.php?showtopic=12985'),
(383, 44, 'RKO Haven Marathon', 42, 1, '16.0', '', '', NULL, '2012-08-26', 'http://z7.invisionfree.com/seeingstars/index.php?showtopic=12983'),
(384, 44, 'Texas Classic Stakes', 41, 37, '8.0', '', '', NULL, '2014-02-13', 'http://z7.invisionfree.com/seeingstars/index.php?showtopic=16187'),
(385, 44, 'Rainy Day Sprint', 41, 1, '6.0', '', '', NULL, '2015-01-09', 'http://z7.invisionfree.com/seeingstars/index.php?showtopic=17821'),
(386, 44, 'Rainy Day Stakes', 42, 1, '12.5', '', '', NULL, '2015-01-09', 'http://z7.invisionfree.com/seeingstars/index.php?showtopic=17820'),
(387, 44, 'RKO Haven Boys Are Back', 41, 1, '8.0', '', '', NULL, '2015-01-09', 'http://z7.invisionfree.com/seeingstars/index.php?showtopic=17814'),
(388, 44, 'RKO Haven Marathon Time', 42, 2, '16.0', '', '', NULL, '2015-01-09', 'http://z7.invisionfree.com/seeingstars/index.php?showtopic=17803'),
(389, 36, 'RKO Haven Happy Lady Stakes', 41, 1, '12.0', '', '', NULL, '2015-01-09', 'http://z7.invisionfree.com/seeingstars/index.php?showtopic=17801'),
(390, 44, 'RKO Haven Champion Run', 42, 1, '11.0', '', '', NULL, '2015-01-07', 'http://z7.invisionfree.com/seeingstars/index.php?showtopic=17802'),
(391, 29, 'RKO Haven New Year Sprint', 42, 1, '7.0', '', '', NULL, '2015-01-05', 'http://z7.invisionfree.com/seeingstars/index.php?showtopic=17777'),
(392, 30, 'RKO Haven Sprint Under 65', 42, 37, '7.0', '', '', NULL, '2015-01-12', 'http://z7.invisionfree.com/seeingstars/index.php?showtopic=17843'),
(393, 30, 'RKO Haven Marathon Under 60 less than 3 win', 42, 37, '16.0', '', '', NULL, '2015-01-12', 'http://z7.invisionfree.com/seeingstars/index.php?showtopic=17845'),
(394, 30, 'RKO Haven 65 and Under Run Non-winner', 42, 37, '10.0', '', '', NULL, '2015-01-14', 'http://z7.invisionfree.com/seeingstars/index.php?showtopic=17868'),
(395, 44, 'RKO Haven 65 and Under', 42, 1, '14.0', '', '', NULL, '2015-01-14', 'http://z7.invisionfree.com/seeingstars/index.php?showtopic=17870'),
(396, 30, 'RKO Haven Stakes Under 60', 41, 1, '12.0', '', '', NULL, '2015-01-12', 'http://z7.invisionfree.com/seeingstars/index.php?showtopic=17844'),
(397, 44, 'Rainy Day Marathon', 42, 37, '15.0', '', '', NULL, '2015-01-11', 'http://z7.invisionfree.com/seeingstars/index.php?showtopic=17822'),
(398, 50, 'Yellow Rose of Texas Stakes', 41, 37, '6.0', '', '', NULL, '2015-01-19', 'http://z7.invisionfree.com/seeingstars/index.php?showtopic=17904'),
(399, 36, 'RKO Haven Daisy Fun', 42, 2, '9.0', '', '', NULL, '2015-01-18', 'http://z7.invisionfree.com/seeingstars/index.php?showtopic=17899'),
(400, 47, 'RKO Haven Ready for Fun', 41, 2, '10.0', '', '', NULL, '2015-01-18', 'http://z7.invisionfree.com/seeingstars/index.php?showtopic=17898'),
(401, 50, 'RKO Girls Night Out', 42, 37, '10.0', '', '', NULL, '2015-01-16', 'http://z7.invisionfree.com/seeingstars/index.php?showtopic=17885'),
(402, 47, 'RKO Boys Night Out', 41, 1, '9.0', '', '', NULL, '2015-01-16', 'http://z7.invisionfree.com/seeingstars/index.php?showtopic=17886'),
(403, 44, 'RKO Haven Fun At the Farm', 42, 2, '15.0', '', '', NULL, '2015-01-18', 'http://z7.invisionfree.com/seeingstars/index.php?showtopic=17900'),
(404, 44, 'RKO Lets Boogie Run', 42, 1, '13.0', '', '', NULL, '2015-01-16', 'http://z7.invisionfree.com/seeingstars/index.php?showtopic=17887'),
(405, 44, 'Sam Houston Opening Day Sprint\n', 41, 1, '6.0', '', '', NULL, '2015-01-14', 'http://z7.invisionfree.com/seeingstars/index.php?showtopic=17869'),
(406, 50, 'Houston Ladies Classic', 42, 37, '9.0', '', '', NULL, '2015-01-24', 'http://z7.invisionfree.com/seeingstars/index.php?showtopic=17952'),
(407, 50, 'Brandy Alexandera''s Stakes', 42, 37, '12.0', '', '', NULL, '2015-01-22', 'http://z7.invisionfree.com/seeingstars/index.php?showtopic=17943'),
(408, 50, 'May Follower Stakes', 42, 37, '10.0', '', '', NULL, '2015-01-22', 'http://z7.invisionfree.com/seeingstars/index.php?showtopic=17944'),
(409, 50, 'Classy Lady Sprint', 42, 37, '7.0', '', '', NULL, '2015-01-22', 'http://z7.invisionfree.com/seeingstars/index.php?showtopic=17945'),
(410, 50, 'Utility Sprint', 42, 37, '15.0', '', '', NULL, '2015-01-20', 'http://z7.invisionfree.com/seeingstars/index.php?showtopic=17933'),
(411, 50, 'Bara Lass Stakes', 41, 37, '6.0', '', '', NULL, '2016-01-20', 'http://z7.invisionfree.com/seeingstars/index.php?showtopic=17932'),
(412, 53, 'Star of Texas Stakes', 41, 37, '8.5', '', '', NULL, '2015-01-18', 'http://z7.invisionfree.com/seeingstars/index.php?showtopic=17905'),
(413, 30, 'RKO Haven Distance  65 and under 3 wins or less', 42, 37, '16.0', '', '', NULL, '2015-01-26', 'http://z7.invisionfree.com/seeingstars/index.php?showtopic=17963'),
(414, 53, 'Groovy Stakes', 41, 37, '7.0', '', '', NULL, '2015-01-23', 'http://z7.invisionfree.com/seeingstars/index.php?showtopic=17950'),
(415, 53, 'Spirit Of Texas Stakes', 41, 37, '6.0', '', '', NULL, '2015-01-23', 'http://z7.invisionfree.com/seeingstars/index.php?showtopic=17951'),
(416, 53, 'Allen&#039;s Landing Stakes', 41, 37, '6.0', '', '', NULL, '2015-01-31', 'http://z7.invisionfree.com/seeingstars/index.php?showtopic=17987'),
(417, 30, 'Feb. 1 Non winner/Optional Claiming - Less than 3 wins AOC', 41, 37, '10.0', '', '', NULL, '2015-02-01', 'http://z7.invisionfree.com/seeingstars/index.php?showtopic=17995'),
(418, 29, 'RKO Haven Stakes', 41, 37, '8.5', '', '', NULL, '2015-01-26', 'http://z7.invisionfree.com/seeingstars/index.php?showtopic=17962'),
(419, 29, 'RKO Haven Sprint', 41, 1, '6.0', '', '', NULL, '2015-01-26', 'http://z7.invisionfree.com/seeingstars/index.php?showtopic=17961'),
(420, 53, 'Richard King Stakes', 41, 37, '8.5', '', '', NULL, '2015-01-31', 'http://z7.invisionfree.com/seeingstars/index.php?showtopic=17986'),
(421, 53, 'Frontier Gentelman Stakes', 41, 37, '10.0', '', '', NULL, '2015-02-06', 'http://z7.invisionfree.com/seeingstars/index.php?showtopic=18010'),
(422, 53, 'Texas Round Up', 41, 37, '8.5', '', '', NULL, '2015-02-08', 'http://z7.invisionfree.com/seeingstars/index.php?showtopic=18015'),
(423, 30, 'RKO Haven Sprint 70 and Under 3 wins or less', 42, 37, '6.0', '', '', NULL, '2015-02-22', 'http://z7.invisionfree.com/seeingstars/index.php?showtopic=18174'),
(424, 29, 'Feb. 17', 42, 1, '8.0', '', '', NULL, '2015-02-17', 'http://z7.invisionfree.com/seeingstars/index.php?showtopic=18105'),
(425, 53, 'Maxxam(MGC) Stakes', 41, 37, '10.5', '', '', NULL, '2015-02-26', 'http://z7.invisionfree.com/seeingstars/index.php?showtopic=18035'),
(426, 30, 'Feb. 17 Under 70 Allowance 3 wins or less', 42, 37, '12.5', '', '', NULL, '2015-02-17', 'http://z7.invisionfree.com/seeingstars/index.php?showtopic=18106'),
(427, 44, 'Sunny Stakes', 41, 1, '9.0', '', '', NULL, '2011-01-17', 'http://z7.invisionfree.com/seeingstars/index.php?showtopic=7392'),
(428, 38, 'Barbaro Stakes', 42, 37, '10.0', '', '', NULL, '2011-03-25', 'http://z7.invisionfree.com/seeingstars/index.php?showtopic=8442'),
(429, 44, 'Going Long Stakes', 42, 1, '12.0', '', '', NULL, '2011-03-21', 'http://z7.invisionfree.com/seeingstars/index.php?showtopic=8398'),
(430, 38, 'John Henry Stakes', 41, 37, '6.0', '', '', NULL, '2011-04-09', 'http://z7.invisionfree.com/seeingstars/index.php?showtopic=8844'),
(431, 44, 'Golden Sun Race', 41, 1, '10.0', '', '', NULL, '2011-05-02', 'http://z7.invisionfree.com/seeingstars/index.php?showtopic=9188'),
(432, 38, 'Ruffian Stakes', 42, 37, '8.0', '', '', NULL, '2011-05-01', 'http://z7.invisionfree.com/seeingstars/index.php?showtopic=9172'),
(433, 44, 'Preakness Stakes', 41, 37, '9.5', '', '', NULL, '2011-05-20', 'http://z7.invisionfree.com/seeingstars/index.php?showtopic=9359'),
(434, 44, 'Deathly Hallows Maiden Race', 42, 1, '6.0', '', '', NULL, '2011-06-05', 'http://z7.invisionfree.com/seeingstars/index.php?showtopic=9692'),
(435, 44, 'Folkstone Stakes', 42, 1, '17.0', '', '', NULL, '2011-06-05', 'http://z7.invisionfree.com/seeingstars/index.php?showtopic=9691'),
(436, 44, 'Lumberjack Stakes', 41, 1, '11.5', '', '', NULL, '2011-08-11', 'http://z7.invisionfree.com/seeingstars/index.php?showtopic=10848'),
(437, 44, 'Citation Stakes', 41, 1, '9.0', '', '', NULL, '2011-08-08', 'http://z7.invisionfree.com/seeingstars/index.php?showtopic=10829'),
(438, 44, 'Gum Bar Classic', 42, 1, '10.0', '', '', NULL, '2011-08-12', 'http://z7.invisionfree.com/seeingstars/index.php?showtopic=10866'),
(439, 44, 'Cry Baby Stakes', 41, 2, '8.0', '', '', NULL, '2016-04-24', 'http://seeingstars.boards.net/thread/6057/cry-baby-stakes-dirt-giii'),
(440, 44, 'Beauty and the Beast Stakes', 42, 1, '6.0', '', '', NULL, '2016-04-25', 'http://seeingstars.boards.net/thread/6055/beauty-beast-stakes-6f-turf'),
(441, 44, 'Royalty Stakes', 41, 1, '7.0', '', '', NULL, '2016-04-24', 'http://seeingstars.boards.net/thread/6054/royalty-stakes-7f-dirt-ol'),
(442, 44, 'City of Bones Handicap', 42, 2, '15.0', '', '', NULL, '1000-01-01', 'http://seeingstars.boards.net/thread/6058/city-bones-handicap-turf-giii'),
(443, 30, 'April 23 Under 75', 41, 2, '8.0', '', '', NULL, '2016-04-25', 'http://seeingstars.boards.net/thread/6056/april-23-allowance-dirt-giii'),
(444, 44, 'Green Tea Handicap', 41, 2, '9.0', '', '', NULL, '2016-04-25', 'http://seeingstars.boards.net/thread/6064/green-tea-handicap-dirt-giii'),
(445, 44, 'Where Are You Now', 41, 2, '10.0', '', '', NULL, '2016-04-23', 'http://seeingstars.boards.net/thread/6015/where-stakes-dirt-giii-completed'),
(446, 44, 'Cheap Thrills Stakes', 41, 2, '9.0', '', '', NULL, '2016-04-14', 'http://seeingstars.boards.net/thread/5951/cheap-thrills-stakes-dirt-completed'),
(447, 44, 'Wake Me Up Stakes', 41, 2, '9.5', '', '', NULL, '2016-04-13', 'http://seeingstars.boards.net/thread/5926/wake-stakes-dirt-giii-compelted'),
(448, 29, 'April 27', 42, 1, '7.0', '', '', NULL, '2016-04-27', 'http://seeingstars.boards.net/thread/6081/april-maiden-weight-sprint-stat'),
(449, 29, 'April 27', 41, 1, '8.0', '', '', NULL, '2016-04-27', 'http://seeingstars.boards.net/thread/6080/apirl-maiden-special-weight-dirt'),
(450, 44, 'This Is Gospel', 42, 2, '9.0', '', '', NULL, '2016-05-01', 'http://seeingstars.boards.net/thread/6127/gospel-9f-tf-giii-closed'),
(451, 39, 'Fairground Oaks', 41, 37, '8.5', '', '', NULL, '2016-03-15', 'http://z7.invisionfree.com/seeingstars/index.php?showtopic=18495'),
(452, 38, 'Fountain of Youth - COMPLETED!, 9F Dirt', 41, 37, '9.0', '', '', NULL, '2015-03-15', 'http://z7.invisionfree.com/seeingstars/index.php?showtopic=18496'),
(453, 44, 'Sore Loser Handicap - Completed!, 12 Furlongs Turf', 42, 1, '12.0', '', '', NULL, '2015-03-06', 'http://z7.invisionfree.com/seeingstars/index.php?showtopic=18392'),
(454, 44, 'Blizzard Black Eye Handicap', 42, 1, '9.0', '', '', NULL, '2015-03-06', 'http://z7.invisionfree.com/seeingstars/index.php?showtopic=18391'),
(455, 44, 'Downpour Stakes', 41, 1, '6.0', '', '', NULL, '2015-03-06', 'http://z7.invisionfree.com/seeingstars/index.php?showtopic=18390'),
(456, 44, 'Burn Notice Stakes', 42, 2, '15.0', '', '', NULL, '2015-03-06', 'http://z7.invisionfree.com/seeingstars/index.php?showtopic=18395'),
(457, 44, 'Animal Kingdom Handicap', 41, 2, '10.0', '', '', NULL, '2015-03-06', 'http://z7.invisionfree.com/seeingstars/index.php?showtopic=18394'),
(458, 44, 'Devil Diver Stakes', 41, 2, '7.0', '', '', NULL, '2015-03-06', 'http://z7.invisionfree.com/seeingstars/index.php?showtopic=18393'),
(459, 44, 'Two By Night Handicap', 42, 3, '12.0', '', '', NULL, '2015-03-06', 'http://z7.invisionfree.com/seeingstars/index.php?showtopic=18398'),
(460, 44, 'All Comers Stakes', 42, 3, '11.0', '', '', NULL, '2015-03-06', 'http://z7.invisionfree.com/seeingstars/index.php?showtopic=18397'),
(461, 44, 'Winter Misery Mile', 41, 3, '8.0', '', '', NULL, '2015-03-06', 'http://z7.invisionfree.com/seeingstars/index.php?showtopic=18396'),
(462, 38, 'Florida Derby', 41, 37, '9.0', '', '', NULL, '2015-02-28', 'http://z7.invisionfree.com/seeingstars/index.php?showtopic=18293'),
(463, 39, 'Gulfstream Park Oaks', 41, 37, '9.0', '', '', NULL, '2015-02-28', 'http://z7.invisionfree.com/seeingstars/index.php?showtopic=18292'),
(464, 44, 'Toil and Trouble Handicap', 41, 1, '12.0', '', '', NULL, '2015-02-17', 'http://z7.invisionfree.com/seeingstars/index.php?showtopic=18100'),
(465, 44, 'Snowpolcaypse Blues Stakes', 42, 1, '10.0', '', '', NULL, '2015-02-17', 'http://z7.invisionfree.com/seeingstars/index.php?showtopic=18099'),
(466, 44, 'Winter Storm Warning Stakes', 42, 1, '7.0', '', '', NULL, '2015-02-17', 'http://z7.invisionfree.com/seeingstars/index.php?showtopic=18098'),
(467, 44, 'The Long Haul Stakes', 42, 2, '15.0', '', '', NULL, '2015-02-09', 'http://z7.invisionfree.com/seeingstars/index.php?showtopic=18021'),
(468, 44, 'Winter of Discontent Handicap', 42, 2, '9.0', '', '', NULL, '2015-02-09', 'http://z7.invisionfree.com/seeingstars/index.php?showtopic=18020'),
(469, 44, 'Westminster Hullabaloo Stakes', 41, 3, '9.0', '', '', NULL, '2015-02-17', 'http://z7.invisionfree.com/seeingstars/index.php?showtopic=18102'),
(470, 44, 'Lord of Winter Stakes', 41, 3, '7.0', '', '', NULL, '2015-02-17', 'http://z7.invisionfree.com/seeingstars/index.php?showtopic=18101'),
(471, 30, 'Feb 8 NW x 3 / Optional Claimer', 42, 37, '10.0', '', '', NULL, '2015-02-09', 'http://z7.invisionfree.com/seeingstars/index.php?showtopic=18017'),
(472, 30, 'Feb 4 NW x 2 / Optional Claimer', 41, 37, '7.0', '', '', NULL, '2015-02-09', 'http://z7.invisionfree.com/seeingstars/index.php?showtopic=18018'),
(473, 36, 'Martha Washington Stakes', 41, 1, '8.5', '', '', NULL, '2015-02-10', 'http://z7.invisionfree.com/seeingstars/index.php?showtopic=18025'),
(474, 44, 'Better Talk Now Stakes', 42, 2, '7.5', '', '', NULL, '2015-02-09', 'http://z7.invisionfree.com/seeingstars/index.php?showtopic=18019'),
(475, 38, 'Arkansas Derby', 41, 37, '9.0', '', '', NULL, '2015-02-15', 'http://z7.invisionfree.com/seeingstars/index.php?showtopic=18081'),
(476, 39, 'Las Virgenes Stakes', 41, 37, '8.0', '', '', NULL, '2015-02-15', 'http://z7.invisionfree.com/seeingstars/index.php?showtopic=18080'),
(477, 44, 'Son of Polar Vortex Handicap', 42, 1, '15.0', '', '', NULL, '2015-02-05', 'http://z7.invisionfree.com/seeingstars/index.php?showtopic=18003'),
(478, 36, 'Queen Elizabeth Mile Stakes', 42, 3, '8.0', '', '', NULL, '2015-02-10', 'http://z7.invisionfree.com/seeingstars/index.php?showtopic=18027'),
(479, 36, 'Love in the Air Distaff', 42, 2, '9.0', '', '', NULL, '2015-02-10', 'http://z7.invisionfree.com/seeingstars/index.php?showtopic=18026'),
(480, 44, 'Jinxing Me Handicap', 42, 3, '9.0', '', '', NULL, '2015-02-09', 'http://z7.invisionfree.com/seeingstars/index.php?showtopic=18022'),
(481, 30, 'Feb 9 Under 70 Allowance', 42, 2, '9.0', '', '', NULL, '2015-02-10', 'http://z7.invisionfree.com/seeingstars/index.php?showtopic=18024'),
(482, 44, 'To The Swift Stakes', 41, 1, '11.5', '', '', NULL, '2015-02-05', 'http://z7.invisionfree.com/seeingstars/index.php?showtopic=18002'),
(483, 44, 'Metro Meteor Handicap', 41, 1, '8.0', '', '', NULL, '2015-02-05', 'http://z7.invisionfree.com/seeingstars/index.php?showtopic=18001'),
(484, 30, 'Feb 4 NW x 3 / Optional Claimer', 41, 37, '8.0', '', '', NULL, '2015-02-05', 'http://z7.invisionfree.com/seeingstars/index.php?showtopic=18000'),
(485, 44, 'Cold As Ice Handicap', 42, 2, '12.0', '', '', NULL, '2015-02-05', 'http://z7.invisionfree.com/seeingstars/index.php?showtopic=18006'),
(486, 44, 'Gotham Rising Stakes', 41, 2, '10.5', '', '', NULL, '2015-02-05', 'http://z7.invisionfree.com/seeingstars/index.php?showtopic=18005'),
(487, 44, 'Sweet Nothings Stakes', 41, 2, '6.0', '', '', NULL, '2015-02-05', 'http://z7.invisionfree.com/seeingstars/index.php?showtopic=18004'),
(488, 38, 'San Felipe Stakes', 41, 37, '8.5', '', '', NULL, '2015-01-31', 'http://z7.invisionfree.com/seeingstars/index.php?showtopic=17985'),
(489, 39, 'Davona Dale Stakes', 41, 37, '8.5', '', '', NULL, '2015-01-31', 'http://z7.invisionfree.com/seeingstars/index.php?showtopic=17984'),
(490, 44, 'To The North Handicap', 42, 1, '15.0', '', '', NULL, '2015-02-01', 'http://z7.invisionfree.com/seeingstars/index.php?showtopic=17992'),
(491, 44, 'Hop Skip Jump Handicap', 41, 1, '9.0', '', '', NULL, '2015-02-01', 'http://z7.invisionfree.com/seeingstars/index.php?showtopic=17991'),
(492, 44, 'Winter Blues Sprint Stakes', 42, 1, '7.0', '', '', NULL, '2015-02-01', 'http://z7.invisionfree.com/seeingstars/index.php?showtopic=17990'),
(493, 30, 'Jan 31 Non Winners of 3 / Optional Claiming', 42, 37, '9.0', '', '', NULL, '2015-01-31', 'http://z7.invisionfree.com/seeingstars/index.php?showtopic=17989'),
(494, 44, 'The Meadow Stakes', 42, 2, '13.0', '', '', NULL, '2015-01-27', 'http://z7.invisionfree.com/seeingstars/index.php?showtopic=17975'),
(495, 44, 'Lava Man Handicap', 42, 2, '10.0', '', '', NULL, '2015-01-27', 'http://z7.invisionfree.com/seeingstars/index.php?showtopic=17974'),
(496, 44, 'Riva Ridge Handicap', 41, 2, '7.0', '', '', NULL, '2015-01-27', 'http://z7.invisionfree.com/seeingstars/index.php?showtopic=17973'),
(497, 44, 'Arctic Blast Bash Handicap', 41, 1, '11.5', '', '', NULL, '2015-02-27', 'http://z7.invisionfree.com/seeingstars/index.php?showtopic=17971'),
(498, 44, 'Fear The Tides Handicap', 42, 1, '12.0', '', '', NULL, '2015-01-27', 'http://z7.invisionfree.com/seeingstars/index.php?showtopic=17972'),
(499, 30, 'Jan 27 Under 70 Allowance', 41, 2, '8.0', '', '', NULL, '2015-01-27', 'http://z7.invisionfree.com/seeingstars/index.php?showtopic=17976'),
(502, 44, 'Winter&#039;s Fury Stakes', 41, 1, '8.0', '', '', NULL, '2015-01-27', 'http://z7.invisionfree.com/seeingstars/index.php?showtopic=17970'),
(503, 29, 'Jan 26 Maiden Special Weight', 42, 1, '12.0', '', '', NULL, '2015-01-26', 'http://z7.invisionfree.com/seeingstars/index.php?showtopic=17964'),
(504, 30, 'Jan 26 Non Winners of 3 Allowance', 42, 1, '9.0', '', '', NULL, '2015-01-26', 'http://z7.invisionfree.com/seeingstars/index.php?showtopic=17965'),
(505, 44, 'Jan 24 Under 70 Starter Allowance', 42, 2, '9.0', '', '', NULL, '2015-01-24', 'http://z7.invisionfree.com/seeingstars/index.php?showtopic=17956'),
(506, 44, 'Eclipse Gold Cup', 42, 2, '15.0', '', '', NULL, '2015-01-23', 'http://z7.invisionfree.com/seeingstars/index.php?showtopic=17948'),
(507, 44, 'Quick Brown Fox Stakes', 41, 2, '9.5', '', '', NULL, '2015-01-23', 'http://z7.invisionfree.com/seeingstars/index.php?showtopic=17947'),
(508, 44, 'Piltdown Sprint Stakes', 42, 2, '7.5', '', '', NULL, '2015-01-23', 'http://z7.invisionfree.com/seeingstars/index.php?showtopic=17946'),
(509, 44, 'Now You See Me Handicap', 42, 1, '15.0', '', '', NULL, '2015-01-21', 'http://z7.invisionfree.com/seeingstars/index.php?showtopic=17937'),
(510, 44, 'Escapedfromnewyork Handicap', 42, 1, '11.0', '', '', NULL, '2015-01-21', 'http://z7.invisionfree.com/seeingstars/index.php?showtopic=17936'),
(511, 44, 'Storm Warning Sprint Stakes', 41, 1, '6.0', '', '', NULL, '2015-01-21', 'http://z7.invisionfree.com/seeingstars/index.php?showtopic=17935'),
(512, 29, 'Jan 22 Maiden Special Weight', 42, 1, '10.0', '', '', NULL, '2015-01-22', 'http://z7.invisionfree.com/seeingstars/index.php?showtopic=17942'),
(513, 30, 'Jan 22 Non Winners of 3 Allowance', 41, 1, '9.0', '', '', NULL, '2015-01-22', 'http://z7.invisionfree.com/seeingstars/index.php?showtopic=17941'),
(514, 44, 'Jan 20 Under 70 Starter Allowance', 42, 2, '8.0', '', '', NULL, '2015-01-21', 'http://z7.invisionfree.com/seeingstars/index.php?showtopic=17934'),
(515, 38, 'Rebel Stakes', 41, 37, '8.5', '', '', NULL, '2015-01-17', 'http://z7.invisionfree.com/seeingstars/index.php?showtopic=17892'),
(516, 39, 'Silverbulletday Stakes', 41, 37, '8.0', '', '', NULL, '2015-01-17', 'http://z7.invisionfree.com/seeingstars/index.php?showtopic=17893'),
(517, 44, 'Main Sequence Handicap', 42, 2, '12.0', '', '', NULL, '2015-01-19', 'http://z7.invisionfree.com/seeingstars/index.php?showtopic=17910'),
(518, 44, 'California Chrome Stakes', 41, 2, '10.0', '', '', NULL, '2015-01-19', 'http://z7.invisionfree.com/seeingstars/index.php?showtopic=17909'),
(519, 44, 'Work All Week Handicap', 41, 2, '6.0', '', '', NULL, '2015-01-19', 'http://z7.invisionfree.com/seeingstars/index.php?showtopic=17908'),
(520, 36, 'Untapable Handicap', 41, 2, '9.0', '', '', NULL, '2015-01-19', 'http://z7.invisionfree.com/seeingstars/index.php?showtopic=17911'),
(521, 30, 'Jan 18 Non Winners of 3 Allowance', 42, 1, '7.0', '', '', NULL, '2015-01-19', 'http://z7.invisionfree.com/seeingstars/index.php?showtopic=17907'),
(522, 29, 'Jan 18 Maiden Special Weight', 41, 1, '8.5', '', '', NULL, '2015-01-19', 'http://z7.invisionfree.com/seeingstars/index.php?showtopic=17906'),
(523, 30, 'Jan 10 Non Winners of 3 Allowance', 41, 1, '10.5', '', '', NULL, '2015-01-11', 'http://z7.invisionfree.com/seeingstars/index.php?showtopic=17829'),
(524, 44, 'Jan 15 Under 70 Starter Allowance', 41, 2, '8.0', '', '', NULL, '2015-01-15', 'http://z7.invisionfree.com/seeingstars/index.php?showtopic=17883'),
(525, 44, 'Aga Khan Handicap', 42, 1, '15.0', '', '', NULL, '2015-01-12', 'http://z7.invisionfree.com/seeingstars/index.php?showtopic=17840'),
(526, 44, 'Tailspin Handicap', 41, 1, '10.5', '', '', NULL, '2015-01-12', 'http://z7.invisionfree.com/seeingstars/index.php?showtopic=17839'),
(527, 44, 'Night Escapades Stakes', 42, 1, '8.0', '', '', NULL, '2015-01-12', 'http://z7.invisionfree.com/seeingstars/index.php?showtopic=17838'),
(528, 36, 'Dreaming of Lilies Stakes', 42, 1, '9.0', '', '', NULL, '2015-01-12', 'http://z7.invisionfree.com/seeingstars/index.php?showtopic=17841'),
(529, 29, 'Jan 10', 42, 1, '9.0', '', '', NULL, '2015-01-11', 'http://z7.invisionfree.com/seeingstars/index.php?showtopic=17830'),
(530, 44, 'Giant&#039;s Causeway Stakes', 42, 2, '12.0', '', '', NULL, '2015-01-04', 'http://z7.invisionfree.com/seeingstars/index.php?showtopic=17769'),
(531, 36, 'Ruthless Handicap', 41, 2, '8.5', '', '', NULL, '2015-01-12', 'http://z7.invisionfree.com/seeingstars/index.php?showtopic=17842'),
(532, 44, 'Be Bullish Stakes', 41, 2, '9.0', '', '', NULL, '2015-01-04', 'http://z7.invisionfree.com/seeingstars/index.php?showtopic=17768'),
(533, 44, 'New Year&#039;s Mile Stakes', 42, 2, '8.0', '', '', NULL, '2015-01-04', 'http://z7.invisionfree.com/seeingstars/index.php?showtopic=17767'),
(534, 44, 'Dynaformer Handicap', 42, 1, '12.0', '', '', NULL, '2015-01-07', 'http://z7.invisionfree.com/seeingstars/index.php?showtopic=17794'),
(535, 44, 'Thunder Rumble Handicap', 41, 1, '9.5', '', '', NULL, '2015-02-07', 'http://z7.invisionfree.com/seeingstars/index.php?showtopic=17793'),
(536, 44, 'Snow and Ice Sprint Stakes', 42, 1, '6.0', '', '', NULL, '2015-01-07', 'http://z7.invisionfree.com/seeingstars/index.php?showtopic=17792'),
(537, 30, 'Jan 4 Non Winners of 3 Allowance', 42, 1, '10.0', '', '', NULL, '2015-01-04', 'http://z7.invisionfree.com/seeingstars/index.php?showtopic=17771'),
(538, 29, 'Jan 9 Maiden Special Weight', 41, 1, '7.0', '', '', NULL, '2015-01-09', 'http://z7.invisionfree.com/seeingstars/index.php?showtopic=17823'),
(539, 44, 'New Year Gold Cup', 42, 1, '16.0', '', '', NULL, '2015-01-02', 'http://z7.invisionfree.com/seeingstars/index.php?showtopic=17737'),
(540, 44, 'Road to the Derby Handicap', 41, 1, '10.5', '', '', NULL, '2015-01-02', 'http://z7.invisionfree.com/seeingstars/index.php?showtopic=17736'),
(541, 44, 'Heart of the Storm Sprint Stakes', 41, 1, '7.0', '', '', NULL, '2015-01-02', 'http://z7.invisionfree.com/seeingstars/index.php?showtopic=17735'),
(542, 30, 'Jan 1 NW x3', 42, 1, '9.0', '', '', NULL, '2015-01-01', 'http://z7.invisionfree.com/seeingstars/index.php?showtopic=17731'),
(543, 29, 'Jan 1', 41, 1, '7.0', '', '', NULL, '2015-01-01', 'http://z7.invisionfree.com/seeingstars/index.php?showtopic=17732'),
(544, 44, 'Winter&#039;s Dominion Handicap', 42, 2, '15.0', '', '', NULL, '2014-12-11', 'http://z7.invisionfree.com/seeingstars/index.php?showtopic=17643'),
(545, 44, 'Jack Frost Handicap', 41, 2, '12.0', '', '', NULL, '2014-12-11', 'http://z7.invisionfree.com/seeingstars/index.php?showtopic=17642'),
(546, 44, 'Winter Squall Sprint Stakes', 41, 2, '7.0', '', '', NULL, '2014-12-11', 'http://z7.invisionfree.com/seeingstars/index.php?showtopic=17641'),
(547, 36, 'Atlantic Princess Handicap', 41, 2, '9.0', '', '', NULL, '2014-12-18', 'http://z7.invisionfree.com/seeingstars/index.php?showtopic=17674'),
(548, 44, 'Sea Isle Stakes', 42, 3, '12.0', '', '', NULL, '2014-12-18', 'http://z7.invisionfree.com/seeingstars/index.php?showtopic=17673'),
(549, 44, 'Kelso Handicap', 41, 3, '7.0', '', '', NULL, '2014-12-18', 'http://z7.invisionfree.com/seeingstars/index.php?showtopic=17672'),
(550, 36, 'Mrs. Claus Holiday Stakes', 42, 1, '8.0', '', '', NULL, '2014-12-18', 'http://z7.invisionfree.com/seeingstars/index.php?showtopic=17675'),
(551, 44, 'Come So Far Handicap', 42, 1, '15.0', '', '', NULL, '2014-12-28', 'http://z7.invisionfree.com/seeingstars/index.php?showtopic=17719'),
(552, 44, 'New Years Bash Handicap', 42, 1, '11.0', '', '', NULL, '2014-12-28', 'http://z7.invisionfree.com/seeingstars/index.php?showtopic=17718'),
(553, 44, 'Odds and Ends Sprint Stakes', 42, 1, '6.0', '', '', NULL, '2014-12-05', 'http://z7.invisionfree.com/seeingstars/index.php?showtopic=17606'),
(554, 30, 'Dec 27 Non Winners of 3 Allowance', 41, 1, '10.0', '', '', NULL, '2014-12-27', 'http://z7.invisionfree.com/seeingstars/index.php?showtopic=17717'),
(555, 29, 'Dec 27 Maiden Special Weight', 42, 1, '8.0', '', '', NULL, '2014-12-27', 'http://z7.invisionfree.com/seeingstars/index.php?showtopic=17716'),
(556, 44, 'Eye of the Storm Handicap', 41, 1, '9.0', '', '', NULL, '2014-12-05', 'http://z7.invisionfree.com/seeingstars/index.php?showtopic=17607'),
(557, 44, 'Heaven Knows Handicap', 42, 1, '12.5', '', '', NULL, '2014-12-05', 'http://z7.invisionfree.com/seeingstars/index.php?showtopic=17608'),
(558, 30, 'Dec 1 Non Winners of 3 Allowance', 42, 1, '9.0', '', '', NULL, '2014-12-01', 'http://z7.invisionfree.com/seeingstars/index.php?showtopic=17576'),
(559, 29, 'Dec 1 Maiden Special Weight', 41, 1, '9.0', '', '', NULL, '2014-12-01', 'http://z7.invisionfree.com/seeingstars/index.php?showtopic=17575'),
(560, 29, 'Apirl 27 Maiden Dash', 42, 1, '12.0', '', '', NULL, '2016-05-07', 'http://seeingstars.boards.net/thread/6084/apirl-maiden-dash-stats-turf'),
(561, 29, 'Apirl 27 Under 66', 42, 1, '17.0', '', '', NULL, '2016-05-07', 'http://seeingstars.boards.net/thread/6083/apirl-maiden-distance-stat-turf'),
(562, 44, 'Go For Broke Stakes', 41, 3, '9.0', '', '', NULL, '2014-11-19', 'http://z7.invisionfree.com/seeingstars/index.php?showtopic=17521'),
(563, 44, 'Shazam Sprint Stakes', 42, 3, '6.0', '', '', NULL, '2014-11-19', 'http://z7.invisionfree.com/seeingstars/index.php?showtopic=17520'),
(564, 44, 'Northern Lights Handicap', 42, 2, '15.0', '', '', NULL, '2014-11-21', 'http://z7.invisionfree.com/seeingstars/index.php?showtopic=17531'),
(565, 44, 'Winterfell Stakes', 42, 2, '11.0', '', '', NULL, '2014-11-21', 'http://z7.invisionfree.com/seeingstars/index.php?showtopic=17530'),
(566, 44, 'Buffalo Shuffle Sprint Stakes', 41, 2, '6.0', '', '', NULL, '2014-11-21', 'http://z7.invisionfree.com/seeingstars/index.php?showtopic=17529'),
(567, 36, 'Sordid Affair Stakes', 42, 2, '10.0', '', '', NULL, '2014-11-19', 'http://z7.invisionfree.com/seeingstars/index.php?showtopic=17523'),
(568, 44, 'Destiny Awaits Handicap', 41, 1, '10.5', '', '', NULL, '2014-11-19', 'http://z7.invisionfree.com/seeingstars/index.php?showtopic=17518'),
(569, 44, 'Lord of the Mountain Stakes', 42, 1, '11.0', '', '', NULL, '2014-11-19', 'http://z7.invisionfree.com/seeingstars/index.php?showtopic=17519'),
(570, 44, 'Sacked By Snow Stakes', 42, 1, '7.0', '', '', NULL, '2014-11-19', 'http://z7.invisionfree.com/seeingstars/index.php?showtopic=17517'),
(571, 36, 'Illini Princess Handicap', 41, 1, '8.5', '', '', NULL, '2014-11-19', 'http://z7.invisionfree.com/seeingstars/index.php?showtopic=17522'),
(572, 30, 'Nov 14 Non Winners of 3 Allowance', 41, 1, '8.5', '', '', NULL, '2014-11-15', 'http://z7.invisionfree.com/seeingstars/index.php?showtopic=17496'),
(573, 29, 'Nov 14 Maiden Special Weight', 42, 1, '7.0', '', '', NULL, '2014-11-15', 'http://z7.invisionfree.com/seeingstars/index.php?showtopic=17495'),
(574, 36, 'Queen Anne&#039;s Oaks', 42, 1, '9.0', '', '', NULL, '2014-11-03', 'http://z7.invisionfree.com/seeingstars/index.php?showtopic=17477'),
(575, 44, 'Away They Go Stakes', 42, 2, '15.0', '', '', NULL, '2014-11-07', 'http://z7.invisionfree.com/seeingstars/index.php?showtopic=17483'),
(576, 44, 'Fall Back Handicap', 41, 2, '9.0', '', '', NULL, '2014-11-07', 'http://z7.invisionfree.com/seeingstars/index.php?showtopic=17482'),
(577, 44, 'Start To Finish Stakes', 42, 2, '7.0', '', '', NULL, '2014-11-07', 'http://z7.invisionfree.com/seeingstars/index.php?showtopic=17481'),
(578, 44, 'Breath of Winter Stakes', 42, 1, '12.0', '', '', NULL, '2014-11-03', 'http://z7.invisionfree.com/seeingstars/index.php?showtopic=17474'),
(579, 44, 'Zero Chance Stakes', 42, 1, '9.0', '', '', NULL, '2014-11-03', 'http://z7.invisionfree.com/seeingstars/index.php?showtopic=17473'),
(580, 44, 'Heartfelt Sprint Stakes', 41, 1, '6.0', '', '', NULL, '2014-11-03', 'http://z7.invisionfree.com/seeingstars/index.php?showtopic=17472'),
(581, 44, 'Ice and Snow Handicap', 42, 3, '10.0', '', '', NULL, '2014-11-03', 'http://z7.invisionfree.com/seeingstars/index.php?showtopic=17471'),
(582, 44, 'Too Fast To Catch Stakes', 41, 3, '7.0', '', '', NULL, '2014-11-03', 'http://z7.invisionfree.com/seeingstars/index.php?showtopic=17470'),
(583, 36, 'Tudor Rose Distaff', 41, 2, '8.0', '', '', NULL, '2014-11-03', 'http://z7.invisionfree.com/seeingstars/index.php?showtopic=17478'),
(584, 30, 'Nov 2 Non Winners of 3 Allowance', 42, 1, '9.0', '', '', NULL, '2014-11-03', 'http://z7.invisionfree.com/seeingstars/index.php?showtopic=17475'),
(585, 29, 'Nov 2 Maiden Special Weight', 41, 1, '8.0', '', '', NULL, '2014-11-03', 'http://z7.invisionfree.com/seeingstars/index.php?showtopic=17476'),
(586, 44, 'Lo and Behold Stakes', 42, 2, '12.0', '', '', NULL, '2014-10-23', 'http://z7.invisionfree.com/seeingstars/index.php?showtopic=17454'),
(587, 44, 'Discovery Handicap', 41, 2, '10.0', '', '', NULL, '2014-10-23', 'http://z7.invisionfree.com/seeingstars/index.php?showtopic=17453'),
(588, 44, 'No Way Out Sprint Stakes', 41, 2, '6.0', '', '', NULL, '2014-10-23', 'http://z7.invisionfree.com/seeingstars/index.php?showtopic=17452'),
(589, 31, 'Classic', 41, 37, '10.0', '', '', NULL, '2014-10-25', 'http://z7.invisionfree.com/seeingstars/index.php?showtopic=17466'),
(590, 31, 'Distaff', 41, 37, '9.0', '', '', NULL, '2014-10-25', 'http://z7.invisionfree.com/seeingstars/index.php?showtopic=17465'),
(591, 31, 'Turf', 42, 37, '12.0', '', '', NULL, '2014-10-25', 'http://z7.invisionfree.com/seeingstars/index.php?showtopic=17464'),
(592, 31, 'Filly &amp; Mare Turf', 42, 37, '10.0', '', '', NULL, '2014-10-25', 'http://z7.invisionfree.com/seeingstars/index.php?showtopic=17462'),
(593, 31, 'Marathon', 42, 37, '15.0', '', '', NULL, '2014-10-25', 'http://z7.invisionfree.com/seeingstars/index.php?showtopic=17463'),
(594, 31, 'Turf Mile', 42, 37, '8.0', '', '', NULL, '2014-10-25', 'http://z7.invisionfree.com/seeingstars/index.php?showtopic=17460'),
(595, 31, 'Dirt Mile', 41, 37, '8.0', '', '', NULL, '2014-10-25', 'http://z7.invisionfree.com/seeingstars/index.php?showtopic=17461'),
(596, 31, 'Turf Sprint', 42, 37, '7.0', '', '', NULL, '2014-10-25', 'http://z7.invisionfree.com/seeingstars/index.php?showtopic=17459'),
(597, 31, 'Sprint', 41, 37, '7.0', '', '', NULL, '2014-10-25', 'http://z7.invisionfree.com/seeingstars/index.php?showtopic=17457'),
(598, 30, 'Oct 23 Non Winners of 3 Allowance', 42, 1, '10.0', '', '', NULL, '2014-10-24', 'http://z7.invisionfree.com/seeingstars/index.php?showtopic=17456'),
(599, 29, 'Oct 23 Maiden Special Weight', 41, 1, '8.5', '', '', NULL, '2014-10-24', 'http://z7.invisionfree.com/seeingstars/index.php?showtopic=17455'),
(600, 44, 'Swing and Sway Stakes', 42, 1, '12.5', '', '', NULL, '2014-10-07', 'http://z7.invisionfree.com/seeingstars/index.php?showtopic=17430'),
(601, 44, 'Spooky Kooks Handicap', 42, 1, '9.0', '', '', NULL, '2014-10-07', 'http://z7.invisionfree.com/seeingstars/index.php?showtopic=17429'),
(602, 44, 'Regally Ready Stakes', 41, 1, '7.0', '', '', NULL, '2014-10-07', 'http://z7.invisionfree.com/seeingstars/index.php?showtopic=17428'),
(603, 30, 'Oct 7 Non Winners of 3 Allowance', 42, 1, '8.0', '', '', NULL, '2014-10-07', 'http://z7.invisionfree.com/seeingstars/index.php?showtopic=17431'),
(604, 29, 'Oct 7 Maiden Special Weight', 42, 1, '9.0', '', '', NULL, '2014-10-07', 'http://z7.invisionfree.com/seeingstars/index.php?showtopic=17432'),
(605, 44, 'All Hallows Handicap', 42, 2, '12.0', '', '', NULL, '2014-10-11', 'http://z7.invisionfree.com/seeingstars/index.php?showtopic=17438'),
(606, 44, 'Keeneland Fall Classic Stakes', 42, 2, '9.0', '', '', NULL, '2014-10-11', 'http://z7.invisionfree.com/seeingstars/index.php?showtopic=17437'),
(607, 44, 'Happy Trails Mile Stakes', 41, 2, '8.0', '', '', NULL, '2014-10-11', 'http://z7.invisionfree.com/seeingstars/index.php?showtopic=17436'),
(608, 31, 'Frankel Handicap', 42, 37, '8.0', '', '', NULL, '2014-10-04', 'http://z7.invisionfree.com/seeingstars/index.php?showtopic=17421'),
(609, 31, 'Coaltown Handicap', 41, 37, '8.0', '', '', NULL, '2014-10-04', 'http://z7.invisionfree.com/seeingstars/index.php?showtopic=17422'),
(610, 31, 'Chamberlain Bridge Handicap', 42, 37, '6.0', '', '', NULL, '2014-10-04', 'http://z7.invisionfree.com/seeingstars/index.php?showtopic=17420'),
(611, 44, 'Seeing Stars Handicap', 42, 2, '12.0', '', '', NULL, '2014-09-17', 'http://z7.invisionfree.com/seeingstars/index.php?showtopic=17377'),
(612, 44, 'Faster Than Light Handicap', 41, 2, '10.0', '', '', NULL, '2014-09-17', 'http://z7.invisionfree.com/seeingstars/index.php?showtopic=17376'),
(613, 44, 'First Frost Stakes', 42, 2, '6.0', '', '', NULL, '2014-09-17', 'http://z7.invisionfree.com/seeingstars/index.php?showtopic=17375'),
(614, 44, 'Rebellion Handicap', 41, 3, '9.0', '', '', NULL, '2014-09-17', 'http://z7.invisionfree.com/seeingstars/index.php?showtopic=17378'),
(615, 44, 'Dinosaur Trap Handicap', 42, 1, '12.0', '', '', NULL, '2014-09-12', 'http://z7.invisionfree.com/seeingstars/index.php?showtopic=17340'),
(616, 44, 'Sun and Mud Handicap', 41, 1, '10.0', '', '', NULL, '2014-09-12', 'http://z7.invisionfree.com/seeingstars/index.php?showtopic=17339'),
(617, 44, 'Ocean Heights Sprint Stakes', 42, 1, '7.0', '', '', NULL, '2014-09-12', 'http://z7.invisionfree.com/seeingstars/index.php?showtopic=17338'),
(618, 31, 'Shackleford Handicap', 41, 37, '8.0', '', '', NULL, '2014-09-15', 'http://z7.invisionfree.com/seeingstars/index.php?showtopic=17362'),
(619, 31, 'Goldikova Stakes', 42, 37, '8.0', '', '', NULL, '2014-09-23', 'http://z7.invisionfree.com/seeingstars/index.php?showtopic=17395'),
(620, 31, 'Pharalis Stakes', 42, 37, '7.0', '', '', NULL, '2014-10-23', 'http://z7.invisionfree.com/seeingstars/index.php?showtopic=17394'),
(621, 31, 'Corinthian Stakes', 41, 37, '8.0', '', '', '', '2014-09-23', 'http://z7.invisionfree.com/seeingstars/index.php?showtopic=17396'),
(622, 31, 'Da Hoss Handicap', 42, 37, '7.5', '', '', NULL, '2014-09-15', 'http://z7.invisionfree.com/seeingstars/index.php?showtopic=17361'),
(623, 31, 'California Flag Handicap', 42, 37, '6.0', '', '', NULL, '2014-09-15', 'http://z7.invisionfree.com/seeingstars/index.php?showtopic=17360'),
(624, 44, 'Speed To Spare Stakes', 42, 2, '7.0', '', '', NULL, '2014-09-02', 'http://z7.invisionfree.com/seeingstars/index.php?showtopic=17288'),
(625, 30, 'Sept 11 Non Winners of 3 Allowance', 41, 1, '12.0', '', '', NULL, '2014-09-11', 'http://z7.invisionfree.com/seeingstars/index.php?showtopic=17334'),
(626, 29, 'Sept 11 Maiden Special Weight', 41, 1, '9.0', '', '', NULL, '2014-09-11', 'http://z7.invisionfree.com/seeingstars/index.php?showtopic=17333'),
(627, 36, 'Boardwalk Distaff', 42, 2, '10.0', '', '', NULL, '2014-09-11', 'http://z7.invisionfree.com/seeingstars/index.php?showtopic=17332'),
(628, 31, 'Forego Stakes', 41, 37, '7.0', '', '', NULL, '2014-09-08', 'http://z7.invisionfree.com/seeingstars/index.php?showtopic=17321'),
(629, 31, 'Miesque Memorial Stakes', 42, 37, '8.0', '', '', NULL, '2014-09-08', 'http://z7.invisionfree.com/seeingstars/index.php?showtopic=17320'),
(630, 31, 'Danehill Memorial Stakes', 42, 37, '7.0', '', '', NULL, '2014-09-08', 'http://z7.invisionfree.com/seeingstars/index.php?showtopic=17319'),
(631, 44, 'September Samba Handicap', 42, 2, '12.0', '', '', NULL, '2014-09-02', 'http://z7.invisionfree.com/seeingstars/index.php?showtopic=17290'),
(632, 44, 'Smarty Jones Stakes', 41, 2, '8.5', '', '', NULL, '2014-09-02', 'http://z7.invisionfree.com/seeingstars/index.php?showtopic=17289'),
(633, 44, 'Hard Knock Stakes', 42, 1, '12.0', '', '', NULL, '2014-08-26', 'http://z7.invisionfree.com/seeingstars/index.php?showtopic=17249'),
(634, 44, 'Goodbye Saratoga Stakes', 42, 1, '9.0', '', '', NULL, '2014-08-26', 'http://z7.invisionfree.com/seeingstars/index.php?showtopic=17248'),
(635, 44, 'Back to School Sprint Stakes', 41, 1, '6.0', '', '', NULL, '2014-08-26', 'http://z7.invisionfree.com/seeingstars/index.php?showtopic=17241'),
(636, 36, 'Matron Stakes', 41, 2, '8.0', '', '', NULL, '2014-09-02', 'http://z7.invisionfree.com/seeingstars/index.php?showtopic=17291'),
(637, 30, 'Aug 26 Non Winners of Three Allowance', 41, 1, '8.5', '', '', NULL, '2013-08-26', 'http://z7.invisionfree.com/seeingstars/index.php?showtopic=17240'),
(638, 29, 'Aug 26 Maiden Special Weight', 42, 1, '9.0', '', '', NULL, '2014-08-26', 'http://z7.invisionfree.com/seeingstars/index.php?showtopic=17239'),
(639, 31, 'Ribot Handicap', 42, 37, '15.0', '', '', NULL, '2015-08-31', 'http://z7.invisionfree.com/seeingstars/index.php?showtopic=17273'),
(640, 31, 'Gentildonna Handicap', 42, 37, '10.0', '', '', NULL, '2014-08-31', 'http://z7.invisionfree.com/seeingstars/index.php?showtopic=17272'),
(641, 31, 'Gulch Handicap', 41, 37, '7.0', '', '', NULL, '2014-08-31', 'http://z7.invisionfree.com/seeingstars/index.php?showtopic=17274'),
(642, 44, 'Close Encounters Handicap', 42, 2, '12.0', '', '', NULL, '2014-08-15', 'http://z7.invisionfree.com/seeingstars/index.php?showtopic=17148'),
(643, 44, 'Rough n Tumble Stakes', 42, 2, '9.0', '', '', NULL, '2014-08-15', 'http://z7.invisionfree.com/seeingstars/index.php?showtopic=17147'),
(644, 44, 'Summer&#039;s Lament Sprint Stakes', 41, 2, '6.0', '', '', NULL, '2014-08-15', 'http://z7.invisionfree.com/seeingstars/index.php?showtopic=17146'),
(645, 31, 'Yeats Stakes', 42, 37, '15.0', '', '', NULL, '2014-08-26', 'http://z7.invisionfree.com/seeingstars/index.php?showtopic=17237'),
(646, 31, 'Memories of Silver Stakes', 42, 37, '9.0', '', '', NULL, '2014-08-26', 'http://z7.invisionfree.com/seeingstars/index.php?showtopic=17236'),
(647, 31, 'Lost in the Fog Stakes', 41, 37, '7.0', '', '', NULL, '2014-08-26', 'http://z7.invisionfree.com/seeingstars/index.php?showtopic=17238'),
(648, 31, 'Flawlessly Memorial Handicap', 42, 37, '10.0', '', '', NULL, '2014-08-17', 'http://z7.invisionfree.com/seeingstars/index.php?showtopic=17177'),
(649, 31, 'Sadlers Wells Handicap', 42, 37, '15.0', '', '', NULL, '2014-08-17', 'http://z7.invisionfree.com/seeingstars/index.php?showtopic=17178'),
(650, 31, 'Bold Ruler Handicap', 41, 37, '6.0', '', '', NULL, '2014-08-17', 'http://z7.invisionfree.com/seeingstars/index.php?showtopic=17176'),
(651, 44, 'The Brave and the Bold Stakes', 41, 1, '12.0', '', '', NULL, '2014-08-06', 'http://z7.invisionfree.com/seeingstars/index.php?showtopic=16995'),
(652, 44, 'Super Derby', 41, 1, '9.5', '', '', NULL, '2014-08-06', 'http://z7.invisionfree.com/seeingstars/index.php?showtopic=16994'),
(653, 44, 'Lord of the Beach Sprint Stakes', 42, 1, '6.0', '', '', NULL, '2014-08-06', 'http://z7.invisionfree.com/seeingstars/index.php?showtopic=16993'),
(654, 44, 'Queen and Country Stakes', 42, 2, '9.0', '', '', NULL, '2014-08-06', 'http://z7.invisionfree.com/seeingstars/index.php?showtopic=16998'),
(655, 44, 'Godolphin Mile', 42, 3, '8.0', '', '', NULL, '2014-08-06', 'http://z7.invisionfree.com/seeingstars/index.php?showtopic=16996'),
(656, 36, 'Starstruck Oaks', 41, 1, '8.5', '', '', NULL, '2014-08-06', 'http://z7.invisionfree.com/seeingstars/index.php?showtopic=16997'),
(657, 31, 'Dr. Fager Memorial Stakes', 41, 37, '7.0', '', '', NULL, '2014-08-10', 'http://z7.invisionfree.com/seeingstars/index.php?showtopic=17080'),
(658, 31, 'Ouija Board Stakes', 42, 37, '9.0', '', '', NULL, '2014-08-10', 'http://z7.invisionfree.com/seeingstars/index.php?showtopic=17078'),
(659, 31, 'Round Table Memorial Stakes', 42, 37, '13.0', '', '', NULL, '2014-08-10', 'http://z7.invisionfree.com/seeingstars/index.php?showtopic=17079'),
(660, 31, 'Cigar Handicap', 41, 37, '10.0', '', '', NULL, '2014-08-02', 'http://z7.invisionfree.com/seeingstars/index.php?showtopic=16957'),
(661, 31, 'Go For Wand Memorial Handicap', 41, 37, '8.5', '', '', NULL, '2014-08-02', 'http://z7.invisionfree.com/seeingstars/index.php?showtopic=16956'),
(662, 31, 'Orfevre Handicap', 42, 37, '12.0', '', '', NULL, '2014-08-02', 'http://z7.invisionfree.com/seeingstars/index.php?showtopic=16955'),
(663, 44, 'July 30 Non Winners of 3 Allowance', 41, 1, '10.0', '', '', NULL, '2014-07-30', 'http://z7.invisionfree.com/seeingstars/index.php?showtopic=16914'),
(664, 29, 'July 30 Maiden Special Weight', 42, 1, '7.0', '', '', NULL, '2014-07-30', 'http://z7.invisionfree.com/seeingstars/index.php?showtopic=16913'),
(665, 44, 'Little Bighorn Handicap', 41, 2, '12.0', '', '', NULL, '2014-07-19', 'http://z7.invisionfree.com/seeingstars/index.php?showtopic=16814'),
(666, 44, 'John Henry Handicap', 42, 2, '11.0', '', '', NULL, '2014-07-19', 'http://z7.invisionfree.com/seeingstars/index.php?showtopic=16811'),
(667, 31, 'Shergar Memorial Stakes', 42, 37, '11.0', '', '', NULL, '2014-07-12', 'http://z7.invisionfree.com/seeingstars/index.php?showtopic=16763'),
(668, 44, 'Distorted Humor Stakes', 42, 2, '12.5', '', '', NULL, '2014-06-20', 'http://z7.invisionfree.com/seeingstars/index.php?showtopic=16582'),
(669, 44, 'Roadtrip Handicap', 41, 2, '10.0', '', '', NULL, '2014-06-20', 'http://z7.invisionfree.com/seeingstars/index.php?showtopic=16581'),
(670, 44, 'Heart of the Hills Handicap', 42, 3, '9.0', '', '', NULL, '2014-06-20', 'http://z7.invisionfree.com/seeingstars/index.php?showtopic=16574'),
(671, 44, 'Hot Springs Stakes', 42, 2, '6.0', '', '', NULL, '2014-06-20', 'http://z7.invisionfree.com/seeingstars/index.php?showtopic=16580'),
(672, 44, 'Run For Saratoga Stakes', 42, 3, '5.0', '', '', NULL, '2014-06-20', 'http://z7.invisionfree.com/seeingstars/index.php?showtopic=16573'),
(673, 44, 'Save The Queen Distaff', 42, 2, '10.0', '', '', NULL, '2014-06-23', 'http://z7.invisionfree.com/seeingstars/index.php?showtopic=16591'),
(674, 44, 'Black Hills Gold Gup', 42, 1, '15.0', '', '', NULL, '2014-06-23', 'http://z7.invisionfree.com/seeingstars/index.php?showtopic=16589'),
(675, 44, 'Summer Solstice Handicap', 42, 1, '10.0', '', '', NULL, '2014-06-23', 'http://z7.invisionfree.com/seeingstars/index.php?showtopic=16588'),
(676, 44, 'Rain or Shine Sprint Stakes', 41, 1, '7.0', '', '', NULL, '2014-06-23', 'http://z7.invisionfree.com/seeingstars/index.php?showtopic=16587'),
(677, 36, 'Summertime Oaks', 41, 1, '9.0', '', '', NULL, '2015-06-23', 'http://z7.invisionfree.com/seeingstars/index.php?showtopic=16590'),
(678, 30, 'June 20 Non Winners of 3 Allowance', 42, 1, '8.0', '', '', NULL, '2014-06-20', 'http://z7.invisionfree.com/seeingstars/index.php?showtopic=16576'),
(679, 29, 'June 20 Maiden Special Weight', 41, 1, '8.0', '', '', NULL, '2014-06-20', 'http://z7.invisionfree.com/seeingstars/index.php?showtopic=16575'),
(680, 44, 'Into The Sunset Stakes', 41, 1, '12.5', '', '', NULL, '2014-06-15', 'http://z7.invisionfree.com/seeingstars/index.php?showtopic=16564'),
(681, 44, 'Burnout Handicap', 41, 1, '9.0', '', '', NULL, '2014-06-15', 'http://z7.invisionfree.com/seeingstars/index.php?showtopic=16563'),
(682, 44, 'Speed Demon Sprint Stakes', 42, 1, '6.0', '', '', NULL, '2014-06-15', 'http://z7.invisionfree.com/seeingstars/index.php?showtopic=16562'),
(683, 44, 'Stormy Knights Stakes', 42, 2, '12.0', '', '', NULL, '2014-05-31', 'http://z7.invisionfree.com/seeingstars/index.php?showtopic=16457'),
(684, 44, 'Lock and Load Handicap', 42, 2, '9.0', '', '', NULL, '2014-05-31', 'http://z7.invisionfree.com/seeingstars/index.php?showtopic=16456'),
(685, 44, 'Super Saturday Sprint Stakes', 41, 2, '7.0', '', '', NULL, '2014-05-31', 'http://z7.invisionfree.com/seeingstars/index.php?showtopic=16455'),
(686, 44, 'Riverrun Handicap', 41, 3, '10.0', '', '', NULL, '2014-05-13', 'http://z7.invisionfree.com/seeingstars/index.php?showtopic=16392'),
(687, 44, 'King&#039;s Run Sprint Stakes', 42, 3, '7.0', '', '', NULL, '2014-05-13', 'http://z7.invisionfree.com/seeingstars/index.php?showtopic=16391'),
(688, 44, 'Garden State Handicap', 42, 1, '12.5', '', '', NULL, '2014-05-17', 'http://z7.invisionfree.com/seeingstars/index.php?showtopic=16400'),
(689, 44, 'Hell or Highwater Handicap', 42, 1, '10.0', '', '', NULL, '2014-05-17', 'http://z7.invisionfree.com/seeingstars/index.php?showtopic=16399'),
(690, 44, 'Shore Points Sprint Stakes', 41, 1, '6.0', '', '', NULL, '2014-05-17', 'http://z7.invisionfree.com/seeingstars/index.php?showtopic=16398'),
(691, 30, 'May 13 Non Winners of 3 Allowance', 42, 1, '9.0', '', '', NULL, '2014-05-13', 'http://z7.invisionfree.com/seeingstars/index.php?showtopic=16394'),
(692, 29, 'May 13 Maiden Special Weight', 41, 1, '7.0', '', '', NULL, '2015-05-13', 'http://z7.invisionfree.com/seeingstars/index.php?showtopic=16393'),
(693, 44, 'Belmont Stakes', 41, 37, '12.0', '', '', NULL, '2014-05-31', 'http://z7.invisionfree.com/seeingstars/index.php?showtopic=16459'),
(694, 44, 'Acorn Stakes', 41, 37, '8.0', '', '', NULL, '2014-05-31', 'http://z7.invisionfree.com/seeingstars/index.php?showtopic=16458'),
(695, 44, 'Beyond The Wall Stakes', 42, 2, '15.0', '', '', NULL, '2014-05-01', 'http://z7.invisionfree.com/seeingstars/index.php?showtopic=16366'),
(696, 44, 'Show and Tell Handicap', 41, 2, '10.5', '', '', NULL, '2014-05-01', 'http://z7.invisionfree.com/seeingstars/index.php?showtopic=16365'),
(697, 60, 'USA Juvenile Males Qualifier', 41, 37, '10.0', 'Sunny', '', '', '2016-05-19', 'http://seeingstars.boards.net/thread/6291/usa-juvenile-males-qualifier-dirt'),
(698, 60, 'USA Juvenile Females Qualifier', 41, 37, '9.0', 'Snow', '', '', '2016-05-19', 'http://seeingstars.boards.net/thread/6292/usa-juvenile-females-qualifier-dirt'),
(699, 44, 'Ravnica Sprint Handicap', 42, 2, '6.0', 'Clear', 'Firm', '1:08.4', '2014-05-01', 'http://z7.invisionfree.com/seeingstars/index.php?showtopic=16364'),
(700, 38, 'Preakness Stakes', 41, 37, '9.5', 'Clear', 'FAst', '1:59.3', '2014-05-11', 'http://z7.invisionfree.com/seeingstars/index.php?showtopic=16387'),
(701, 36, 'Black Eyed Susan Stakes', 41, 37, '9.0', 'Clear', 'Good', '1:48.7', '2014-05-11', 'http://z7.invisionfree.com/seeingstars/index.php?showtopic=16388'),
(702, 44, 'Journey to Nix Handicap', 42, 1, '12.0', 'Cloudy', 'Soft', '2:25.9', '2014-05-01', 'http://z7.invisionfree.com/seeingstars/index.php?showtopic=16363'),
(703, 44, 'Derby Trial Stakes', 41, 1, '9.0', 'Cloudy', 'Good', '1:50.3', '2014-05-01', 'http://z7.invisionfree.com/seeingstars/index.php?showtopic=16362'),
(704, 44, 'Saints Alive Stakes', 42, 1, '7.5', 'Cloudy', 'Good', '1:28.6', '2014-05-01', 'http://z7.invisionfree.com/seeingstars/index.php?showtopic=16361'),
(705, 44, 'Kickback Paddywhack Stakes', 41, 3, '9.0', 'Cloudy', 'Soft', '1:50.0', '2014-05-01', 'http://z7.invisionfree.com/seeingstars/index.php?showtopic=16368'),
(706, 44, 'Whitewalker Handicap', 41, 3, '6.0', 'Clear', 'Fast', '1:11.5', '2014-05-01', 'http://z7.invisionfree.com/seeingstars/index.php?showtopic=16367'),
(707, 30, 'May 1 Non Winners of 3 Allowance', 41, 1, '8.0', 'Clear', 'Fast', '1:35.9', '2014-05-01', 'http://z7.invisionfree.com/seeingstars/index.php?showtopic=16369'),
(708, 29, 'May 1 Maiden Special Weight', 42, 1, '8.0', 'Clear', 'Firm', '1:34.4', '2014-05-01', 'http://z7.invisionfree.com/seeingstars/index.php?showtopic=16370'),
(709, 38, 'Kentucky Derby', 41, 37, '10.0', 'Clear', 'Fast', '2:05.0', '2014-04-26', 'http://z7.invisionfree.com/seeingstars/index.php?showtopic=16360'),
(710, 39, 'Kentucky Oaks', 41, 37, '9.0', 'Clear', 'Fast', '1:50.4', '2014-04-26', 'http://z7.invisionfree.com/seeingstars/index.php?showtopic=16360'),
(711, 44, 'Double Trouble Marathon Stakes', 42, 1, '15.0', 'Clear', 'Yielding', '3:07.0', '2014-04-13', 'http://z7.invisionfree.com/seeingstars/index.php?showtopic=16341'),
(712, 44, 'Serengeti Song Stakes', 42, 1, '9.0', 'Clear', 'Yielding', '1:47.5', '2014-04-13', 'http://z7.invisionfree.com/seeingstars/index.php?showtopic=16340'),
(713, 44, 'Spring Equinox Sprint Stakes', 41, 1, '7.0', 'Rain', 'Good', '1:23.0', '2014-04-13', 'http://z7.invisionfree.com/seeingstars/index.php?showtopic=16339'),
(714, 44, 'Long Goodbye Stakes', 42, 2, '12.5', 'Cloudy', 'Firm', '2:31.4', '2014-04-13', 'http://z7.invisionfree.com/seeingstars/index.php?showtopic=16344'),
(715, 44, 'Lord of Misrule Stakes', 42, 2, '11.0', 'Clear', 'Firm', '2:11.6', '2014-04-13', 'http://z7.invisionfree.com/seeingstars/index.php?showtopic=16343'),
(716, 44, 'Summer Fever Handicap', 41, 2, '8.0', 'Clear', 'Fast', '1:40.0', '2014-04-13', 'http://z7.invisionfree.com/seeingstars/index.php?showtopic=16342'),
(717, 36, 'Queen Bee Stakes', 41, 2, '9.0', 'Clear', 'Fast', '1:50.2', '2014-04-13', 'http://z7.invisionfree.com/seeingstars/index.php?showtopic=16345'),
(718, 38, 'Wood Memorial', 41, 37, '9.0', 'Clear', 'Fast', '1:51.3', '2014-04-13', 'http://z7.invisionfree.com/seeingstars/index.php?showtopic=16337'),
(719, 38, 'Gazelle Stakes', 41, 37, '9.0', 'Clear', 'Fast', '1:48.7', '2014-04-13', 'http://z7.invisionfree.com/seeingstars/index.php?showtopic=16338'),
(720, 38, 'Santa Anita Derby', 41, 37, '9.0', 'Cloudy', 'Fast', '1:51.5', '2014-03-31', 'http://z7.invisionfree.com/seeingstars/index.php?showtopic=16335'),
(721, 39, 'Ashland Stakes', 41, 37, '8.0', 'Cloudy', 'Fast', '1:39.9', '2014-03-31', 'http://z7.invisionfree.com/seeingstars/index.php?showtopic=16334'),
(722, 44, 'Round The Bend Handicap', 42, 1, '12.5', 'Clear', 'Firm', '2:31.3', '2014-03-13', 'http://z7.invisionfree.com/seeingstars/index.php?showtopic=16311'),
(723, 44, 'Ballroom Blitz Stakes', 41, 1, '10.0', 'Clear', 'Fast', '2:04.9', '2014-03-13', 'http://z7.invisionfree.com/seeingstars/index.php?showtopic=16310'),
(724, 44, 'Spring Flowers Sprint Handicap', 42, 1, '6.0', 'Clear', 'Firm', '1:08.9', '2014-03-13', 'http://z7.invisionfree.com/seeingstars/index.php?showtopic=16309'),
(725, 44, 'St Leger Gold Cup', 42, 2, '16.0', 'Clear', 'Firm', '3:16.3', '2014-03-13', 'http://z7.invisionfree.com/seeingstars/index.php?showtopic=16314'),
(726, 44, 'Slow and Steady Handicap', 42, 2, '9.0', 'Clear', 'Firm', '1:46.5', '2014-03-13', 'http://z7.invisionfree.com/seeingstars/index.php?showtopic=16313'),
(727, 44, 'Dirty Deeds Stakes', 41, 2, '8.0', 'Clear', 'Fast', '1:35.6', '2014-03-13', 'http://z7.invisionfree.com/seeingstars/index.php?showtopic=16312'),
(728, 38, 'Fountain of Youth', 41, 37, '9.0', 'Clear', 'Fast', '1:52.1', '2014-03-15', 'http://z7.invisionfree.com/seeingstars/index.php?showtopic=16317'),
(729, 39, 'Fairground Oaks', 41, 37, '8.5', 'Clear', 'Fast', '1:44.3', '2014-03-15', 'http://z7.invisionfree.com/seeingstars/index.php?showtopic=16316'),
(730, 44, 'Three&#039;s A Crowd Handicap', 42, 2, '15.0', 'Cloudy', 'Good', '3:04.8', '2014-02-17', 'http://z7.invisionfree.com/seeingstars/index.php?showtopic=16231'),
(731, 44, 'Derby Scurvy Stakes', 41, 2, '9.5', 'Rain', 'Muddy', '1:59.9', '2014-02-17', 'http://z7.invisionfree.com/seeingstars/index.php?showtopic=16230'),
(732, 44, 'Going Bonkers Handicap', 42, 2, '7.0', 'Cloudy', 'Firm', '1:22.0', '2014-02-17', 'http://z7.invisionfree.com/seeingstars/index.php?showtopic=16229'),
(733, 44, 'Faraway Coast Handicap', 42, 1, '12.5', 'Clear', 'Firm', '2:31.5', '2014-02-17', 'http://z7.invisionfree.com/seeingstars/index.php?showtopic=16228'),
(734, 44, 'Ready or Not Stakes', 41, 1, '10.0', 'Clear', 'Fast', '2:04.3', '2014-02-17', 'http://z7.invisionfree.com/seeingstars/index.php?showtopic=16227'),
(735, 38, 'Florida Derby', 41, 37, '9.0', 'Clear', 'Good', '1:50.3', '2014-03-02', 'http://z7.invisionfree.com/seeingstars/index.php?showtopic=16293'),
(736, 39, 'Gulfstream Park Oaks', 41, 37, '9.0', 'Clear', 'Good', '1:49.0', '2014-03-02', 'http://z7.invisionfree.com/seeingstars/index.php?showtopic=16294'),
(737, 44, 'Storms A Plenty Stakes', 42, 1, '6.0', 'Rain', 'Soft', '1:09.6', '2014-02-17', 'http://z7.invisionfree.com/seeingstars/index.php?showtopic=16226'),
(738, 38, 'Arkansas Derby', 41, 37, '9.0', 'Rain', 'Sloppy', '1:48.4', '2014-02-15', 'http://z7.invisionfree.com/seeingstars/index.php?showtopic=16195'),
(739, 39, 'Las Virgenes Stakes', 41, 37, '8.0', 'Rain', 'Sloppy', '1:33.3', '2014-02-15', 'http://z7.invisionfree.com/seeingstars/index.php?showtopic=16196'),
(740, 44, 'Hold The Phone Handicap', 42, 2, '12.5', 'Clear', 'Firm', '2:30.2', '2014-02-02', 'http://z7.invisionfree.com/seeingstars/index.php?showtopic=16080'),
(741, 44, 'Skips and Quips Stakes', 42, 2, '9.0', 'Clear', 'Firm', '1:46.1', '2014-02-02', 'http://z7.invisionfree.com/seeingstars/index.php?showtopic=16079'),
(742, 44, 'Unzip Me Stakes', 41, 2, '6.0', 'Clear', 'Fast', '1:11.8', '2014-02-02', 'http://z7.invisionfree.com/seeingstars/index.php?showtopic=16078'),
(743, 60, 'USA Juvenile Turf Qualifer', 42, 37, '12.0', 'Clear', 'Good', '2:24.4', '2016-05-21', 'http://seeingstars.boards.net/thread/6295/usa-juvenile-turf-qualifier-12f'),
(744, 60, 'USA Distaff Classic Qualifier (Fillies Only)', 41, 37, '9.0', 'Clear', 'Good', '1:48.8', '2016-05-21', 'http://seeingstars.boards.net/thread/6289/usa-distaff-classic-qualifier-dirt'),
(745, 60, 'USA Mile Turf Qualifier', 42, 37, '8.0', 'Rain', 'Muddy', '1:33.6', '2016-05-20', 'http://seeingstars.boards.net/thread/6286/usa-mile-turf-qualifier-8f'),
(746, 60, 'USA Mile Dirt Qualifer', 41, 37, '8.0', 'Clear', 'Fast', '1:35.3', '2016-05-20', 'http://seeingstars.boards.net/thread/6287/usa-mile-dirt-qualifier-8f'),
(747, 60, 'USA Juvenile Dirt Mile Qualifier', 41, 37, '8.0', 'Clear', 'Fast', '1:36.4', '2016-05-21', 'http://seeingstars.boards.net/thread/6293/juvenile-dirt-mile-qualifier-completed'),
(748, 60, 'USA Juvenile Turf Mile Qualifer', 42, 37, '8.0', 'Clear', 'Firm', '1:33.1', '2016-05-21', 'http://seeingstars.boards.net/thread/6294/juvenile-turf-mile-qualifier-completed'),
(749, 60, 'USA Classic Dirt Qualifier', 41, 37, '10.0', 'Sunny', 'Fast', '2:03.7', '2016-05-20', 'http://seeingstars.boards.net/thread/6288/usa-classic-dirt-qualifier-10f'),
(750, 60, 'USA Sprint Qualifier', 41, 37, '6.0', 'Clear', 'Fast', '1:11.3', '2016-05-21', 'http://seeingstars.boards.net/thread/6285/usa-sprint-qualifier-dirt-completed'),
(751, 60, 'USA Juvenile Marathon Qualifier', 42, 37, '15.0', 'Rain', 'Muddy', '3:05.1', '2016-05-21', 'http://seeingstars.boards.net/thread/6396/usa-juvenile-marathon-qualifier-turf'),
(752, 44, 'Pluto Kerfuffle Stakes', 42, 1, '15.0', 'Snow', 'Soft', '3:05.4', '2015-01-29', 'http://z7.invisionfree.com/seeingstars/index.php?showtopic=16040'),
(753, 44, 'Sticks and Stones Handicap', 41, 1, '9.0', 'Cloudy', 'Sloppy', '1:48.5', '2014-01-29', 'http://z7.invisionfree.com/seeingstars/index.php?showtopic=16039'),
(754, 44, 'Jack Frost Handicap', 42, 1, '7.5', 'Snow', 'Soft', '1:29.4', '2014-01-29', 'http://z7.invisionfree.com/seeingstars/index.php?showtopic=16038'),
(755, 44, 'Meteor Magic Handicap', 42, 3, '10.0', 'Cloudy', 'Firm', '1:58.2', '2014-01-29', 'http://z7.invisionfree.com/seeingstars/index.php?showtopic=16045'),
(756, 44, 'Swing and Sway Sprint Stakes', 42, 3, '6.0', 'Clear', 'Firm', '1:08.4', '2014-01-29', 'http://z7.invisionfree.com/seeingstars/index.php?showtopic=16044'),
(757, 30, 'Non Winners of 3 Jan 29 Allowance', 42, 1, '9.0', 'Clear', 'Firm', '1:46.6', '2014-01-29', 'http://z7.invisionfree.com/seeingstars/index.php?showtopic=16041'),
(758, 29, 'Jan 29 Maiden Special Weight', 41, 1, '8.0', 'Clear', 'Fast', '1:40.8', '2014-01-29', 'http://z7.invisionfree.com/seeingstars/index.php?showtopic=16043'),
(759, 38, 'San Felipe Stakes', 41, 37, '8.5', 'Clear', 'Fast', '1:44.5', '2014-02-01', 'http://z7.invisionfree.com/seeingstars/index.php?showtopic=16069'),
(760, 39, 'Davona Dale Stakes', 41, 37, '8.5', 'Clear', 'Fast', '1:43.5', '2014-02-01', 'http://z7.invisionfree.com/seeingstars/index.php?showtopic=16068'),
(761, 44, 'Ice and Snow Marathon Stakes', 42, 2, '15.0', 'Clear', 'Good', '3:03.2', '2014-01-22', 'http://z7.invisionfree.com/seeingstars/index.php?showtopic=15938'),
(762, 44, 'Permafrost Handicap', 41, 2, '9.0', 'Clear', 'Fast', '1:50.7', '2014-01-22', 'http://z7.invisionfree.com/seeingstars/index.php?showtopic=15937'),
(763, 44, 'Snow Way Sprint Stakes', 42, 2, '7.0', 'Clear', 'Good', '1:22.2', '2014-01-22', 'http://z7.invisionfree.com/seeingstars/index.php?showtopic=15936'),
(764, 36, 'Heart of the Storm Distaff', 41, 2, '8.0', 'Clear', 'Fast', '1:35.3', '2014-01-22', 'http://z7.invisionfree.com/seeingstars/index.php?showtopic=15939'),
(765, 44, 'Cold Snap Handicap', 42, 1, '12.5', 'Clear', 'Good', '2:31.2', '2014-01-18', 'http://z7.invisionfree.com/seeingstars/index.php?showtopic=15863'),
(766, 44, 'Polar Vortex Handicap', 42, 1, '10.0', 'Snow', 'Good', '1:59.8', '2014-01-18', 'http://z7.invisionfree.com/seeingstars/index.php?showtopic=15862'),
(767, 44, 'Arctic Blast Sprint Stakes', 41, 1, '6.0', 'Snow', 'Good', '1:11.3', '2014-01-18', 'http://z7.invisionfree.com/seeingstars/index.php?showtopic=15861'),
(768, 38, 'Rebel Stakes', 41, 37, '8.5', 'Cloudy', 'Fast', '1:43.6', '2014-01-17', 'http://z7.invisionfree.com/seeingstars/index.php?showtopic=15835'),
(769, 39, 'Silverbulletday Stakes', 41, 37, '8.0', 'Cloudy', 'Fast', '1:40.5', '2014-01-17', 'http://z7.invisionfree.com/seeingstars/index.php?showtopic=15836'),
(770, 44, 'Black Hills Handicap', 42, 2, '15.0', 'Clear', 'Good', '3:03.7', '2014-01-16', 'http://z7.invisionfree.com/seeingstars/index.php?showtopic=15818'),
(771, 44, 'Follow The Leader Stakes', 42, 2, '11.0', 'Clear', 'Good', '2:11.1', '2014-01-16', 'http://z7.invisionfree.com/seeingstars/index.php?showtopic=15817'),
(772, 44, 'Long and Short Of It Stakes', 41, 2, '8.0', 'Clear', 'Fast', '1:35.5', '2014-01-16', 'http://z7.invisionfree.com/seeingstars/index.php?showtopic=15816'),
(773, 44, 'Sore Loser Handicap', 41, 3, '10.0', 'Clear', 'Fast', '2:04.1', '2014-01-07', 'http://z7.invisionfree.com/seeingstars/index.php?showtopic=15591'),
(774, 44, 'Might and Sight Stakes', 41, 1, '12.0', 'Clear', 'Fast', '2:32.6', '2014-01-15', 'http://z7.invisionfree.com/seeingstars/index.php?showtopic=15767'),
(775, 44, 'Storm&#039;s A&#039; Coming Stakes', 41, 1, '9.5', 'Clear', 'Fast', '2:00.4', '2014-01-15', 'http://z7.invisionfree.com/seeingstars/index.php?showtopic=15766'),
(776, 44, 'Hard To Catch Handicap', 42, 1, '7.0', 'Clear', 'Firm', '1:22.2', '2014-01-15', 'http://z7.invisionfree.com/seeingstars/index.php?showtopic=15765'),
(777, 44, 'Fire and Ice Handicap', 42, 2, '12.5', 'Cloudy', 'Firm', '2:29.7', '2014-01-07', 'http://z7.invisionfree.com/seeingstars/index.php?showtopic=15590'),
(778, 44, 'Winds of Winter Stakes', 41, 2, '10.0', 'Cloudy', 'Fast', '2:05.4', '2014-01-07', 'http://z7.invisionfree.com/seeingstars/index.php?showtopic=15589'),
(779, 44, 'Razzle Dazzle Stakes', 42, 2, '5.0', 'Cloudy', 'Firm', '0:56.2', '2014-01-07', 'http://z7.invisionfree.com/seeingstars/index.php?showtopic=15588'),
(780, 36, 'Stars and Garters Stakes', 41, 2, '9.0', 'Rain', 'Soft', '1:47.0', '2014-01-07', 'http://z7.invisionfree.com/seeingstars/index.php?showtopic=15592'),
(781, 44, 'Snowmaggedon Handicap', 42, 1, '15.0', 'Rain', 'Soft', '3:05.0', '2014-01-07', 'http://z7.invisionfree.com/seeingstars/index.php?showtopic=15587'),
(782, 44, 'Winter Is Here Handicap', 42, 1, '11.0', 'Rain', 'Soft', '2:12.9', '2014-01-04', 'http://z7.invisionfree.com/seeingstars/index.php?showtopic=15553'),
(783, 44, 'Mudders&#039; Delight Sprint Stakes', 41, 1, '6.0', 'Rain', 'Sloppy', '1:10.0', '2014-01-06', 'http://z7.invisionfree.com/seeingstars/index.php?showtopic=15552'),
(784, 44, 'Gold on the Ceiling Handicap', 42, 2, '12.0', 'Clear', 'Firm', '2:24.1', '2014-01-01', 'http://z7.invisionfree.com/seeingstars/index.php?showtopic=15413'),
(785, 44, 'New Year Bash Handicap', 42, 2, '9.0', 'Clear', 'Firm', '1:46.6', '2014-01-01', 'http://z7.invisionfree.com/seeingstars/index.php?showtopic=15412'),
(786, 44, 'Noisome Sprint Stakes', 41, 2, '6.0', 'Clear', 'Fast', '1:12.0', '2014-01-01', 'http://z7.invisionfree.com/seeingstars/index.php?showtopic=15411'),
(787, 44, 'See Those Seas Stakes', 42, 1, '12.5', 'Clear', 'Firm', '2:32.3', '2013-12-30', 'http://z7.invisionfree.com/seeingstars/index.php?showtopic=15385'),
(788, 44, 'Atlantic City Derby', 41, 1, '10.0', 'Cloudy', 'Muddy', '2:02.5', '2013-12-30', 'http://z7.invisionfree.com/seeingstars/index.php?showtopic=15384'),
(789, 44, 'Turf Paradise Sprint Stakes', 42, 1, '6.0', 'Cloudy', 'Yielding', '1:09.4', '2013-12-30', 'http://z7.invisionfree.com/seeingstars/index.php?showtopic=15383'),
(790, 44, 'Kitten&#039;s Joy Stakes', 42, 3, '12.0', 'Clear', 'Good', '2:24.6', '2013-12-30', 'http://z7.invisionfree.com/seeingstars/index.php?showtopic=15389'),
(791, 30, 'Non Winners of 3 Dec 30 Allowance', 41, 1, '8.0', 'Clear', 'Good', '1:35.6', '2013-12-30', 'http://z7.invisionfree.com/seeingstars/index.php?showtopic=15387'),
(792, 29, 'Dec 30 Maiden Special Weight', 42, 1, '10.0', 'Clear', 'Good', '1:59.5', '2013-12-30', 'http://z7.invisionfree.com/seeingstars/index.php?showtopic=15388'),
(793, 36, 'Chicago Oaks - Completed', 41, 2, '8.5', 'Rain', 'Sloppy', '1:41.2', '2013-12-12', 'http://z7.invisionfree.com/seeingstars/index.php?showtopic=15286'),
(794, 44, 'Muggle Gold Cup', 42, 2, '15.0', 'Clear', 'Firm', '3:03.8', '2013-12-20', 'http://z7.invisionfree.com/seeingstars/index.php?showtopic=15338'),
(795, 44, 'Sleighbells Handicap', 41, 2, '10.5', 'Clear', 'Fast', '2:10.3', '2013-12-20', 'http://z7.invisionfree.com/seeingstars/index.php?showtopic=15337'),
(796, 44, 'Holly Jolly Sprint Stakes', 42, 2, '7.5', 'Clear', 'Firm', '1:28.4', '2013-12-20', 'http://z7.invisionfree.com/seeingstars/index.php?showtopic=15336'),
(797, 34, 'Canada Sprint Qualifier', 41, 37, '6.0', 'Sunny', 'Fast', '1:11.2', '2016-05-31', 'http://seeingstars.boards.net/thread/6405/canada-sprint-qualifier-6f-dirt'),
(798, 34, 'Canada Juvenile Turf Mile Qualifier', 42, 37, '8.0', 'Sunny', 'Firm', '1:33.5', '2016-05-31', 'http://seeingstars.boards.net/thread/6414/canada-juvenile-turf-mile-qualifier'),
(799, 34, 'Canada Juvenile Marathon Qualifier', 42, 37, '15.0', 'Cloudy', 'Fast', '3:04.7', '2016-05-31', 'http://seeingstars.boards.net/thread/6404/canada-juvenile-marathon-qualifier-turf'),
(800, 34, 'Canada Juvenile Males Qualifier', 42, 37, '10.0', '', '', '2:04.4', '2016-05-30', 'http://seeingstars.boards.net/thread/6411/canada-juvenile-males-qualifier-dirt'),
(801, 34, 'Canada Juvenile Females Qualifier', 41, 37, '9.0', '', '', '1:51.3', '2016-05-30', 'http://seeingstars.boards.net/thread/6412/canada-juvenile-females-qualifier-dirt'),
(802, 34, 'Canada Mile Turf Qualifier', 42, 37, '8.0', 'Cloudy', 'Fast', '1:35.7', '2016-05-24', 'http://seeingstars.boards.net/thread/6406/canada-mile-turf-qualifier-8f'),
(803, 34, 'Canada Mile Dirt Qualifer', 41, 37, '8.0', 'Cloudy', 'Fast', '1:34.5', '2016-05-21', 'http://seeingstars.boards.net/thread/6407/canada-mile-dirt-qualifier-8f?page=1&amp;scrollTo=40620'),
(804, 34, 'Canada Juvenile Turf Qualifier', 42, 37, '12.0', 'Clear', 'Fast', '2:23.6', '2016-06-01', 'http://seeingstars.boards.net/thread/6415/canada-juvenile-turf-qualifier-12f'),
(805, 34, 'Canada Juvenile Marathon Qualifier', 42, 37, '15.0', 'Cloudy', 'Fast', '3:04.7', '2016-05-30', 'http://seeingstars.boards.net/thread/6404/canada-juvenile-marathon-qualifier-turf'),
(806, 34, 'Canada Distaff Classic (Fillies Only)', 41, 37, '9.0', 'Clear', 'Fast', '1:49.8', '2016-06-01', 'http://seeingstars.boards.net/thread/6409/canada-distaff-classic-9f-dirt'),
(807, 34, 'Canada Turf Classic Qualifier', 42, 37, '12.0', 'Sunny', 'Firm', '2:23.1', '2016-05-31', 'http://seeingstars.boards.net/thread/6410/canada-turf-classic-qualifier-12f'),
(808, 34, 'Canada Classic Dirt Qualifer', 41, 37, '10.0', 'Raining', 'Sloppy', '2:00.7', '2016-05-31', 'http://seeingstars.boards.net/thread/6408/canada-classic-dirt-qualifier-10f'),
(809, 34, 'Canada Juvenile Dirt Mile Qualifier', 41, 37, '8.0', 'Clear', 'Fast', '1:36.4', '2016-06-01', 'http://seeingstars.boards.net/thread/6413/canada-juvenile-dirt-qualifier-completed'),
(810, 64, 'UK Mile Turf Qualifier', 42, 37, '8.0', 'Cloudy', 'Firm', '1:35.3', '2016-06-06', 'http://seeingstars.boards.net/thread/6515/uk-mile-turf-qualifier-8f'),
(811, 64, 'UK Mile Dirt Qualifier', 41, 37, '8.0', 'Cloudy', 'Firm', '1:36.1', '2016-06-06', 'http://seeingstars.boards.net/thread/6516/uk-mile-dirt-qualifier-8f'),
(812, 64, 'UK Juvenile Marathon Qualifier', 42, 37, '15.0', 'Clear', 'Fast', '3:05.2', '2016-06-06', 'http://seeingstars.boards.net/thread/6512/juvenile-marathon-qualifier-15f-turf?page=1&amp;scrollTo=41713'),
(813, 64, 'UK Juvenile Females Qualifier', 41, 37, '9.0', '', '', '', '2016-06-07', 'http://seeingstars.boards.net/thread/6514/uk-juvenile-females-qualifier-dirt?page=1&amp;scrollTo=41762'),
(814, 64, 'Epsom Derby', 42, 2, '12.0', 'Sunny', 'Good', '2:23.5', '2016-06-09', 'http://seeingstars.boards.net/thread/6547/epsom-derby-turf-giii-finished?page=1&amp;scrollTo=41546'),
(815, 64, 'UK Juvenile Turf Qualifier', 42, 37, '12.0', 'Clear', 'Firm', '2:24.2', '2016-06-09', 'http://seeingstars.boards.net/thread/6505/juvenile-turf-qualifier-12f-completed?page=1&amp;scrollTo=41788'),
(816, 64, 'UK Juvenile Turf Mile Qualifier', 42, 37, '8.0', 'Clear', 'Firm', '1:33.4', '2016-06-09', 'http://seeingstars.boards.net/thread/6511/juvenile-turf-mile-qualifier-completed?page=1&amp;scrollTo=41787'),
(817, 64, '2000 Guineas Stakes', 42, 2, '8.0', 'Partly cloudy, showers', 'Good', '1:34.3', '2016-06-09', 'http://seeingstars.boards.net/thread/6548/2000-guineas-stakes-turf-finished?page=1&amp;scrollTo=41782'),
(818, 64, 'UK Juvenile Males Qualifier', 41, 37, '10.0', '', '', '', '2016-06-09', 'http://seeingstars.boards.net/thread/6513/juvenile-males-qualifier-10f-dirt'),
(819, 64, 'UK Sprint Qualifier', 41, 37, '6.0', 'Clear', 'Fast', '1:11.6', '2016-06-09', 'http://seeingstars.boards.net/thread/6510/uk-sprint-qualifier-dirt-completed'),
(820, 64, 'UK Classic Dirt Qualifier', 41, 37, '10.0', 'Raining', 'Sloppy', '2:00.6', '2016-06-09', 'http://seeingstars.boards.net/thread/6509/uk-classic-dirt-qualifier-10f'),
(821, 64, 'UK Juvenile Dirt Mile Qualifier', 41, 37, '8.0', 'Sunny', 'Fast', '1:37.1', '2016-06-09', 'http://seeingstars.boards.net/thread/6507/uk-juvenile-dirt-mile-qualifier?page=1&amp;scrollTo=41803'),
(822, 64, 'UK Distaff Classic', 41, 37, '9.0', 'Sunny', 'Fast', '1:50.4', '2016-06-09', 'http://seeingstars.boards.net/thread/6506/uk-distaff-classic-9f-dirt'),
(823, 64, 'UK Turf Classic Qualifier', 42, 37, '12.0', 'Sunny', 'Firm', '2:23.8', '2016-06-09', 'http://seeingstars.boards.net/thread/6508/uk-turf-classic-qualifier-12f'),
(824, 38, 'Kentucky Derby', 41, 37, '10.0', '', '', '', '2016-05-02', ''),
(825, 39, 'Kentucky Oaks', 41, 37, '9.0', 'Sunny', 'Fast', '1:49.6', '2016-05-06', 'http://seeingstars.boards.net/thread/6125/kentucky-oaks-dirt-restricted-completed'),
(826, 39, 'Black-Eyed Susan Stakes', 41, 37, '9.0', 'Clear', 'Fast', '1:50.1', '2016-05-20', 'http://seeingstars.boards.net/thread/6303/black-susan-stakes-triple-completed'),
(827, 39, 'Acorn Stakes', 41, 37, '8.0', 'Clear', 'Fast', '1:36.7', '2016-06-12', 'http://seeingstars.boards.net/thread/6540/acorn-stakes-triple-tiara-completed'),
(828, 38, 'Preakness Stakes', 41, 37, '9.5', 'Raining', 'Sloppy', '1:56.1', '2016-05-21', 'http://seeingstars.boards.net/thread/6344/preakness-stakes-triple-crown-completed'),
(829, 38, 'Belmont Stakes', 41, 37, '12.0', 'Overcast', 'Fast', '2:31.4', '2016-06-12', 'http://seeingstars.boards.net/thread/6541/belmont-stakes-triple-crown-completed'),
(830, 64, 'St Leger Stakes', 42, 2, '13.0', 'Cloudy', 'Good', '2:40.3', '2016-06-15', 'http://seeingstars.boards.net/thread/6549/leger-stakes-turf-giii-finished?page=1&amp;scrollTo=41552'),
(831, 64, '1000 Guineas (Fillies Only)', 42, 2, '8.0', 'Clear', 'Firm', '1:33.3', '2016-06-18', 'http://seeingstars.boards.net/thread/6551/1000-guineas-turf-fillies-completed?page=1&amp;scrollTo=42351'),
(832, 64, 'Epsom Oaks (Fillies Only)', 42, 2, '12.0', 'Clear', 'Firm', '2:25.1', '2016-06-18', 'http://seeingstars.boards.net/thread/6552/epsom-oaks-turf-fillies-completed?page=1&amp;scrollTo=42352'),
(833, 53, 'Sam Houston Opening Day, 7.0f Dirt - Colts -MGC prep.', 41, 2, '7.0', 'Rainy', 'Fast', '1:23.4', '2017-01-13', 'http://seeingstars.boards.net/thread/7668/houston-opening-dirt-colts-prep'),
(834, 50, 'Sam Houston Opening Day, 7.0f turf - Fillies - LC prep.', 42, 2, '7.0', 'Rainy', 'Fast', '1:22.0', '2017-01-13', 'http://seeingstars.boards.net/thread/7667/houston-opening-turf-fillies-prep'),
(835, 50, 'Yellow Rose Stakes - 7.0f turf, Fillies only LC', 42, 2, '7.0', 'Cloudy', 'Sost', '1:23.0', '2017-01-15', 'http://seeingstars.boards.net/thread/7707/yellow-rose-stakes-turf-fillies?page=1&amp;scrollTo=48486'),
(836, 53, 'John Connelly Stakes - 10.0f dirt, Colts only MGC prep', 41, 2, '10.0', 'Cloudy', 'Muddy/Yeld', '2:02.3', '2017-01-15', 'http://seeingstars.boards.net/thread/7709/john-connelly-stakes-dirt-colts?page=1&amp;scrollTo=48488'),
(837, 50, 'Star Of Texas Stakes - 12.0 turf, Fillies only LC prep', 42, 2, '12.0', 'Cloudy', 'Soft', '2:32.8', '2017-01-19', 'http://seeingstars.boards.net/thread/7708/star-texas-stakes-turf-fillies'),
(838, 50, 'San Jacinto Stakes - 9.0f turf, Fillies only LC prep', 42, 2, '9.0', 'Cloudy', 'Good', '1:47.7', '2017-01-19', 'http://seeingstars.boards.net/thread/7706/jacinto-stakes-turf-fillies-prep'),
(839, 53, 'Groovy Stakes - 8.0f dirt, Colts only MGC prep', 41, 2, '8.0', 'Cloudy', 'Muddy/Yield', '1:33.9', '2017-01-19', 'http://seeingstars.boards.net/thread/7710/groovy-stakes-dirt-colts-prep'),
(840, 53, 'Spirit Of Texas Stakes - 10.5f dirt, MGC prep. Colts', 41, 2, '10.5', 'Cloudy', 'Good', '2:14.1', '2017-01-19', 'http://seeingstars.boards.net/thread/7723/spirit-texas-stakes-dirt-colts'),
(841, 50, 'Bara Lass Stakes - 8.0f turf, Fillies only LC prep', 42, 2, '8.0', 'Cloudy', 'Good', '1:37.0', '2017-01-25', 'http://seeingstars.boards.net/thread/7705/bara-lass-stakes-turf-fillies'),
(842, 50, 'Space City Stakes - 8.0f turf, Fillies only - LC prep', 42, 2, '8.0', 'Cloudy', 'Muddy/Yield', '1:35.1', '2017-01-25', 'http://seeingstars.boards.net/thread/7704/space-city-stakes-turf-fillies'),
(843, 50, 'Frontier Utilities Turf Sprt - 10.0f turf, Fillies LC', 42, 2, '10.0', 'Cloudy', 'Good', '2:00.3', '2017-01-25', 'http://seeingstars.boards.net/thread/7703/frontier-utilities-turf-sprt-fillies'),
(844, 29, 'RKO Haven Fun Times - 8.5f Dirt, Maiden 64 and under', 41, 1, '8.5', 'Clear', 'Firm', '1:44.1', '2017-01-28', 'http://seeingstars.boards.net/thread/7744/rko-haven-times-dirt-maiden?page=1&amp;scrollTo=48786'),
(845, 53, 'Richard King Stakes - 12.0f dirt, Colts only MGC prep', 41, 2, '12.0', 'Clear', 'Firm', '2:33.8', '2017-01-28', 'http://seeingstars.boards.net/thread/7711/richard-king-stakes-dirt-colts?page=1&amp;scrollTo=48782'),
(846, 50, 'Ladies Classic Invitational, Fillies GIII 8.8 turf', 42, 2, '8.8', 'Clear  night', 'Good', '1:46.2', '2017-01-29', 'http://seeingstars.boards.net/thread/7759/ladies-classic-invitational-fillies-giii'),
(847, 29, 'RKO Haven Feb. 1, Maiden Special Weight - 7F Dirt', 41, 37, '7.0', 'Cloudy', 'Good', '1:23.3', '2017-02-03', 'http://seeingstars.boards.net/thread/7769/haven-maiden-special-weight-dirt?page=1&amp;scrollTo=48905'),
(848, 53, 'Houston Distaff Stakes, 8.5F Dirt G3 - COLTS MGC prep', 41, 2, '8.5', 'Cloudy', 'Firm', '1:43.8', '2017-02-03', 'http://seeingstars.boards.net/thread/7772/houston-distaff-stakes-dirt-colts?page=1&amp;scrollTo=48906'),
(849, 53, 'Jim Orbits Stakes, 9.5F Dirt, G3 Colts - MGC prep.', 41, 2, '9.5', 'Cloudy', 'Good', '2:00.9', '2017-02-03', 'http://seeingstars.boards.net/thread/7773/orbits-stakes-dirt-colts-prep?page=1&amp;scrollTo=48907'),
(850, 53, 'Maxxam Gold Cup Inventational', 41, 2, '10.0', 'Rainy', 'Muddy/Yield', '2:01.8', '2017-03-04', 'http://seeingstars.boards.net/thread/7790/maxxam-gold-inventational-dirt-colts?page=1&amp;scrollTo=49111');

-- --------------------------------------------------------

--
-- Table structure for table `race_entries`
--

DROP TABLE IF EXISTS `race_entries`;
CREATE TABLE IF NOT EXISTS `race_entries` (
  `id` int(10) unsigned NOT NULL AUTO_INCREMENT,
  `horse_id` int(100) unsigned NOT NULL,
  `race_id` int(100) unsigned NOT NULL,
  `placing` int(11) NOT NULL,
  `isNotableWin` varchar(3) DEFAULT 'NO',
  `isTrackRecord` varchar(3) DEFAULT 'NO',
  `time` varchar(255) DEFAULT NULL,
  PRIMARY KEY (`id`),
  KEY `race_entrants_horse_id_index` (`horse_id`),
  KEY `race_entrants_race_id_index` (`race_id`)
) ENGINE=InnoDB  DEFAULT CHARSET=latin1 AUTO_INCREMENT=586 ;

--
-- Truncate table before insert `race_entries`
--

TRUNCATE TABLE `race_entries`;
--
-- Dumping data for table `race_entries`
--

INSERT INTO `race_entries` VALUES
(1, 3, 141, 8, 'NO', 'NO', NULL),
(2, 20, 141, 4, 'NO', 'NO', NULL),
(3, 1, 9, 1, 'NO', 'NO', NULL),
(4, 1, 10, 1, 'NO', 'NO', NULL),
(5, 1, 11, 1, 'NO', 'NO', NULL),
(6, 1, 12, 1, 'NO', 'NO', NULL),
(7, 1, 156, 1, 'NO', 'YES', '1:48.1'),
(8, 1, 14, 1, 'NO', 'NO', NULL),
(9, 1, 15, 1, 'NO', 'NO', NULL),
(10, 1, 16, 1, 'YES', 'YES', '1:34.9'),
(11, 1, 27, 2, 'NO', 'NO', NULL),
(12, 1, 28, 2, 'NO', 'NO', NULL),
(13, 1, 29, 2, 'NO', 'NO', NULL),
(14, 1, 30, 2, 'NO', 'NO', NULL),
(15, 1, 31, 2, 'NO', 'NO', NULL),
(16, 1, 32, 2, 'NO', 'NO', NULL),
(17, 1, 33, 2, 'NO', 'NO', NULL),
(18, 1, 34, 2, 'NO', 'NO', NULL),
(19, 1, 35, 2, 'NO', 'NO', NULL),
(20, 1, 36, 2, 'NO', 'NO', NULL),
(21, 1, 37, 2, 'NO', 'NO', NULL),
(22, 1, 38, 2, 'NO', 'NO', NULL),
(23, 1, 39, 3, 'NO', 'NO', NULL),
(24, 1, 40, 3, 'NO', 'NO', NULL),
(25, 1, 41, 3, 'NO', 'NO', NULL),
(26, 1, 42, 3, 'NO', 'NO', NULL),
(27, 1, 43, 3, 'NO', 'NO', NULL),
(28, 1, 44, 3, 'NO', 'NO', NULL),
(29, 1, 45, 3, 'NO', 'NO', NULL),
(30, 1, 46, 3, 'NO', 'NO', NULL),
(31, 1, 252, 5, 'NO', 'NO', NULL),
(32, 1, 57, 5, 'NO', 'NO', NULL),
(33, 1, 58, 5, 'NO', 'NO', NULL),
(34, 1, 59, 5, 'NO', 'NO', NULL),
(35, 1, 60, 5, 'NO', 'NO', NULL),
(36, 1, 62, 5, 'NO', 'NO', NULL),
(37, 1, 63, 5, 'NO', 'NO', NULL),
(38, 1, 74, 11, 'NO', 'NO', NULL),
(39, 1, 76, 7, 'NO', 'NO', NULL),
(40, 1, 77, 6, 'NO', 'NO', NULL),
(41, 1, 78, 6, 'NO', 'NO', NULL),
(42, 1, 80, 7, 'NO', 'NO', NULL),
(43, 1, 81, 8, 'NO', 'NO', NULL),
(44, 1, 82, 9, 'NO', 'NO', NULL),
(45, 1, 23, 6, 'NO', 'NO', NULL),
(46, 1, 83, 6, 'NO', 'NO', NULL),
(47, 1, 84, 8, 'NO', 'NO', NULL),
(48, 1, 85, 10, 'NO', 'NO', NULL),
(49, 1, 86, 14, 'NO', 'NO', NULL),
(50, 1, 65, 4, 'NO', 'NO', NULL),
(51, 1, 87, 6, 'NO', 'NO', NULL),
(52, 1, 88, 6, 'NO', 'NO', NULL),
(53, 1, 89, 8, 'NO', 'NO', NULL),
(54, 1, 90, 6, 'NO', 'NO', NULL),
(55, 1, 64, 2, 'NO', 'NO', NULL),
(56, 1, 207, 4, 'NO', 'NO', NULL),
(57, 2, 207, 3, 'NO', 'NO', NULL),
(58, 19, 208, 4, 'NO', 'NO', NULL),
(59, 2, 209, 2, 'NO', 'NO', NULL),
(60, 19, 210, 9, 'NO', 'NO', NULL),
(61, 3, 211, 6, 'NO', 'NO', NULL),
(62, 30, 180, 3, 'NO', 'NO', NULL),
(63, 30, 3, 2, 'NO', 'NO', NULL),
(64, 30, 172, 3, 'NO', 'NO', NULL),
(65, 30, 163, 7, 'NO', 'NO', NULL),
(66, 30, 138, 2, 'NO', 'NO', NULL),
(67, 30, 122, 1, 'NO', 'NO', NULL),
(68, 30, 113, 4, 'NO', 'NO', NULL),
(69, 30, 24, 7, 'NO', 'NO', NULL),
(70, 23, 201, 2, 'NO', 'NO', NULL),
(71, 23, 187, 5, 'NO', 'NO', NULL),
(72, 23, 153, 7, 'NO', 'NO', NULL),
(73, 28, 193, 11, 'NO', 'NO', NULL),
(74, 28, 197, 10, 'NO', 'NO', NULL),
(75, 28, 194, 14, 'NO', 'NO', NULL),
(76, 28, 99, 11, 'NO', 'NO', NULL),
(77, 28, 101, 8, 'NO', 'NO', NULL),
(78, 28, 153, 9, 'NO', 'NO', NULL),
(79, 4, 91, 1, 'NO', 'NO', NULL),
(80, 4, 92, 2, 'NO', 'NO', NULL),
(81, 4, 93, 2, 'NO', 'NO', NULL),
(82, 4, 94, 2, 'NO', 'NO', NULL),
(83, 4, 95, 3, 'NO', 'NO', NULL),
(84, 4, 96, 4, 'NO', 'NO', NULL),
(85, 4, 97, 4, 'NO', 'NO', NULL),
(86, 4, 99, 5, 'NO', 'NO', NULL),
(87, 4, 100, 5, 'NO', 'NO', NULL),
(88, 4, 101, 5, 'NO', 'NO', NULL),
(89, 4, 102, 5, 'NO', 'NO', NULL),
(90, 4, 103, 5, 'NO', 'NO', NULL),
(91, 4, 176, 7, 'NO', 'NO', NULL),
(92, 4, 166, 7, 'NO', 'NO', NULL),
(93, 4, 164, 7, 'NO', 'NO', NULL),
(94, 4, 162, 6, 'NO', 'NO', NULL),
(95, 4, 153, 6, 'NO', 'NO', NULL),
(96, 4, 151, 8, 'NO', 'NO', NULL),
(97, 4, 150, 6, 'NO', 'NO', NULL),
(98, 4, 123, 10, 'NO', 'NO', NULL),
(99, 4, 117, 8, 'NO', 'NO', NULL),
(101, 2, 211, 3, 'NO', 'NO', NULL),
(102, 2, 187, 1, 'NO', 'NO', NULL),
(103, 2, 139, 1, 'NO', 'YES', '1:48.2'),
(104, 2, 126, 1, 'NO', 'NO', NULL),
(105, 2, 173, 2, 'NO', 'NO', NULL),
(106, 2, 141, 2, 'NO', 'NO', NULL),
(107, 2, 135, 2, 'NO', 'NO', NULL),
(108, 2, 192, 3, 'NO', 'NO', NULL),
(109, 2, 175, 3, 'NO', 'NO', NULL),
(110, 2, 116, 3, 'NO', 'NO', NULL),
(111, 2, 146, 4, 'NO', 'NO', NULL),
(112, 2, 110, 4, 'NO', 'NO', NULL),
(113, 2, 109, 4, 'NO', 'NO', NULL),
(114, 2, 52, 5, 'NO', 'NO', NULL),
(115, 2, 130, 6, 'NO', 'NO', NULL),
(116, 2, 121, 13, 'NO', 'NO', NULL),
(117, 2, 108, 8, 'NO', 'NO', NULL),
(118, 19, 203, 1, 'NO', 'NO', NULL),
(119, 19, 194, 2, 'NO', 'NO', NULL),
(120, 19, 140, 2, 'NO', 'NO', NULL),
(121, 19, 132, 2, 'NO', 'NO', NULL),
(122, 19, 114, 2, 'NO', 'NO', NULL),
(123, 19, 200, 2, 'NO', 'NO', NULL),
(124, 19, 189, 3, 'NO', 'NO', NULL),
(125, 19, 164, 3, 'NO', 'NO', NULL),
(126, 19, 163, 3, 'NO', 'NO', NULL),
(127, 19, 151, 3, 'NO', 'NO', NULL),
(128, 19, 118, 3, 'NO', 'NO', NULL),
(129, 19, 112, 5, 'NO', 'NO', NULL),
(130, 19, 201, 7, 'NO', 'NO', NULL),
(131, 19, 196, 8, 'NO', 'NO', NULL),
(132, 19, 181, 8, 'NO', 'NO', NULL),
(133, 19, 141, 7, 'NO', 'NO', NULL),
(134, 19, 146, 6, 'NO', 'NO', NULL),
(135, 19, 139, 8, 'NO', 'NO', NULL),
(136, 19, 135, 9, 'NO', 'NO', NULL),
(137, 19, 128, 8, 'NO', 'NO', NULL),
(138, 19, 127, 8, 'NO', 'NO', NULL),
(139, 19, 124, 8, 'NO', 'NO', NULL),
(140, 19, 121, 9, 'NO', 'NO', NULL),
(141, 19, 115, 7, 'NO', 'NO', NULL),
(142, 19, 116, 13, 'NO', 'NO', NULL),
(143, 19, 110, 10, 'NO', 'NO', NULL),
(144, 29, 115, 2, 'NO', 'NO', NULL),
(145, 29, 15, 3, 'NO', 'NO', NULL),
(146, 29, 35, 3, 'NO', 'NO', NULL),
(147, 29, 186, 4, 'NO', 'NO', NULL),
(148, 29, 62, 4, 'NO', 'NO', NULL),
(149, 29, 114, 4, 'NO', 'NO', NULL),
(150, 29, 43, 5, 'NO', 'NO', NULL),
(151, 29, 189, 5, 'NO', 'NO', NULL),
(152, 29, 31, 5, 'NO', 'NO', NULL),
(153, 29, 143, 5, 'NO', 'NO', NULL),
(154, 29, 81, 9, 'NO', 'NO', NULL),
(155, 29, 30, 7, 'NO', 'NO', NULL),
(156, 29, 196, 11, 'NO', 'NO', NULL),
(157, 29, 45, 6, 'NO', 'NO', NULL),
(158, 29, 33, 7, 'NO', 'NO', NULL),
(159, 29, 149, 3, 'NO', 'NO', NULL),
(160, 29, 88, 7, 'NO', 'NO', NULL),
(161, 29, 128, 6, 'NO', 'NO', NULL),
(162, 29, 118, 7, 'NO', 'NO', NULL),
(163, 23, 212, 5, 'NO', 'NO', NULL),
(164, 19, 212, 6, 'NO', 'NO', NULL),
(165, 27, 212, 10, 'NO', 'NO', NULL),
(166, 27, 99, 1, 'NO', 'NO', NULL),
(167, 27, 112, 3, 'NO', 'NO', NULL),
(168, 27, 202, 4, 'NO', 'NO', NULL),
(169, 27, 192, 4, 'NO', 'NO', NULL),
(170, 27, 194, 4, 'NO', 'NO', NULL),
(171, 27, 203, 5, 'NO', 'NO', NULL),
(172, 27, 96, 5, 'NO', 'NO', NULL),
(173, 27, 200, 8, 'NO', 'NO', NULL),
(174, 27, 166, 8, 'NO', 'NO', NULL),
(175, 27, 164, 6, 'NO', 'NO', NULL),
(176, 27, 151, 6, 'NO', 'NO', NULL),
(177, 27, 97, 7, 'NO', 'NO', NULL),
(178, 27, 123, 7, 'NO', 'NO', NULL),
(179, 27, 94, 7, 'NO', 'NO', NULL),
(180, 27, 111, 8, 'NO', 'NO', NULL),
(181, 23, 215, 11, 'NO', 'NO', NULL),
(182, 28, 215, 8, 'NO', 'NO', NULL),
(183, 28, 107, 4, 'NO', 'NO', NULL),
(184, 20, 73, 6, 'NO', 'NO', NULL),
(185, 3, 73, 7, 'NO', 'NO', NULL),
(186, 19, 98, 5, 'NO', 'NO', NULL),
(187, 19, 223, 10, 'NO', 'NO', NULL),
(188, 19, 216, 6, 'NO', 'NO', NULL),
(189, 19, 221, 10, 'NO', 'NO', NULL),
(190, 19, 217, 5, 'NO', 'NO', NULL),
(191, 19, 220, 9, 'NO', 'NO', NULL),
(193, 19, 231, 2, 'NO', 'NO', NULL),
(194, 27, 232, 12, 'NO', 'NO', NULL),
(195, 19, 246, 8, 'NO', 'NO', NULL),
(196, 19, 234, 2, 'NO', 'NO', NULL),
(197, 24, 235, 5, 'NO', 'NO', NULL),
(198, 19, 224, 11, 'NO', 'NO', NULL),
(199, 2, 236, 3, 'NO', 'NO', NULL),
(200, 19, 236, 10, 'NO', 'NO', NULL),
(201, 27, 237, 14, 'NO', 'NO', NULL),
(202, 21, 237, 13, 'NO', 'NO', NULL),
(203, 4, 238, 7, 'NO', 'NO', NULL),
(204, 27, 241, 6, 'NO', 'NO', NULL),
(205, 27, 240, 6, 'NO', 'NO', NULL),
(206, 27, 242, 8, 'NO', 'NO', NULL),
(207, 29, 242, 4, 'NO', 'NO', NULL),
(208, 25, 242, 10, 'NO', 'NO', NULL),
(209, 55, 58, 1, 'NO', 'NO', NULL),
(210, 55, 48, 5, 'NO', 'NO', NULL),
(211, 55, 27, 5, 'NO', 'NO', NULL),
(212, 55, 74, 3, 'NO', 'NO', NULL),
(213, 55, 75, 5, 'NO', 'NO', NULL),
(214, 55, 28, 3, 'NO', 'NO', NULL),
(215, 55, 12, 2, 'NO', 'NO', NULL),
(216, 55, 29, 5, 'NO', 'NO', NULL),
(217, 81, 212, 1, 'NO', 'NO', NULL),
(218, 4, 243, 7, 'NO', 'NO', NULL),
(219, 27, 245, 8, 'NO', 'NO', NULL),
(220, 27, 244, 8, 'NO', 'NO', NULL),
(221, 25, 244, 5, 'NO', 'NO', NULL),
(223, 2, 239, 2, 'NO', 'NO', NULL),
(224, 19, 239, 9, 'NO', 'NO', NULL),
(225, 3, 239, 5, 'NO', 'NO', ''),
(226, 59, 287, 4, 'NO', 'NO', NULL),
(227, 90, 207, 8, 'NO', 'NO', NULL),
(228, 90, 282, 5, 'NO', 'NO', NULL),
(229, 90, 321, 1, 'NO', 'NO', NULL),
(230, 90, 328, 1, 'NO', 'NO', NULL),
(231, 90, 354, 2, 'NO', 'NO', NULL),
(232, 90, 358, 2, 'NO', 'NO', NULL),
(233, 90, 369, 5, 'NO', 'NO', NULL),
(234, 90, 397, 5, 'NO', 'NO', NULL),
(235, 90, 404, 2, 'NO', 'NO', NULL),
(236, 20, 21, 1, 'NO', 'NO', NULL),
(238, 20, 24, 2, 'NO', 'NO', NULL),
(239, 20, 23, 1, 'NO', 'NO', ''),
(240, 20, 76, 3, 'NO', 'NO', NULL),
(241, 20, 77, 3, 'NO', 'NO', NULL),
(242, 20, 174, 3, 'NO', 'NO', NULL),
(243, 20, 179, 3, 'NO', 'NO', NULL),
(244, 20, 229, 3, 'NO', 'NO', NULL),
(245, 20, 137, 4, 'NO', 'NO', NULL),
(246, 40, 36, 4, 'NO', 'NO', NULL),
(247, 20, 11, 5, 'NO', 'NO', NULL),
(248, 21, 25, 1, 'NO', 'NO', NULL),
(249, 21, 26, 1, 'NO', 'NO', NULL),
(250, 26, 11, 1, 'NO', 'NO', NULL),
(251, 26, 179, 1, 'NO', 'NO', NULL),
(252, 26, 170, 1, 'NO', 'NO', NULL),
(253, 26, 137, 1, 'NO', 'NO', NULL),
(254, 26, 174, 2, 'NO', 'NO', NULL),
(255, 26, 21, 9, 'NO', 'NO', ''),
(256, 26, 159, 3, 'NO', 'NO', NULL),
(257, 26, 152, 3, 'NO', 'NO', NULL),
(258, 26, 169, 4, 'NO', 'NO', NULL),
(259, 26, 161, 4, 'NO', 'NO', NULL),
(260, 26, 230, 5, 'NO', 'NO', NULL),
(261, 26, 227, 5, 'NO', 'NO', NULL),
(262, 26, 256, 6, 'NO', 'NO', NULL),
(263, 26, 23, 10, 'NO', 'NO', NULL),
(264, 26, 191, 11, 'NO', 'NO', NULL),
(265, 26, 190, 7, 'NO', 'NO', NULL),
(266, 26, 165, 10, 'NO', 'NO', NULL),
(267, 26, 44, 6, 'NO', 'NO', NULL),
(268, 26, 168, 8, 'NO', 'NO', NULL),
(269, 26, 160, 6, 'NO', 'NO', NULL),
(270, 26, 229, 11, 'NO', 'NO', NULL),
(271, 71, 439, 1, 'NO', 'NO', NULL),
(272, 101, 103, 4, 'NO', 'NO', NULL),
(273, 101, 97, 9, 'NO', 'NO', NULL),
(274, 86, 432, 4, 'NO', 'NO', NULL),
(275, 86, 315, 4, 'NO', '0', ''),
(276, 86, 199, 9, 'NO', 'NO', NULL),
(277, 86, 9, 9, 'NO', 'NO', NULL),
(278, 86, 11, 7, 'NO', '0', ''),
(279, 86, 12, 9, 'NO', 'NO', NULL),
(280, 86, 194, 3, 'NO', 'NO', NULL),
(281, 74, 439, 12, 'NO', 'NO', NULL),
(282, 74, 244, 5, 'NO', 'NO', NULL),
(283, 73, 232, 11, 'NO', 'NO', NULL),
(284, 73, 439, 6, 'NO', 'NO', NULL),
(285, 73, 443, 3, 'NO', 'NO', ''),
(286, 74, 443, 6, 'NO', 'NO', ''),
(287, 71, 445, 1, 'NO', 'NO', NULL),
(288, 71, 246, 1, 'NO', 'NO', NULL),
(289, 71, 447, 3, 'NO', 'NO', NULL),
(290, 107, 327, 6, 'NO', 'NO', NULL),
(291, 107, 359, 4, 'NO', 'NO', NULL),
(292, 107, 368, 7, 'NO', 'NO', NULL),
(293, 107, 389, 4, 'NO', 'NO', NULL),
(294, 4, 441, 10, 'NO', 'NO', NULL),
(295, 21, 439, 9, 'NO', 'NO', NULL),
(296, 27, 443, 7, 'NO', 'NO', NULL),
(297, 115, 255, 6, 'NO', 'NO', NULL),
(298, 115, 264, 9, 'NO', 'NO', NULL),
(299, 115, 285, 4, 'NO', 'NO', NULL),
(300, 115, 243, 10, 'NO', 'NO', NULL),
(301, 25, 443, 5, 'NO', 'NO', NULL),
(302, 77, 366, 3, 'NO', 'NO', NULL),
(303, 69, 366, 3, 'NO', 'NO', NULL),
(304, 77, 412, 4, 'NO', 'NO', NULL),
(305, 77, 282, 9, 'NO', 'NO', NULL),
(306, 77, 420, 4, 'NO', 'NO', NULL),
(307, 77, 422, 9, 'NO', 'NO', NULL),
(308, 77, 269, 2, 'NO', 'NO', NULL),
(309, 77, 271, 8, 'NO', 'NO', NULL),
(310, 77, 286, 4, 'NO', 'NO', NULL),
(311, 77, 242, 10, 'NO', 'NO', NULL),
(312, 69, 387, 6, 'NO', 'NO', NULL),
(313, 69, 412, 8, 'NO', 'NO', NULL),
(314, 69, 415, 4, 'NO', 'NO', NULL),
(315, 69, 419, 7, 'NO', 'NO', NULL),
(316, 69, 207, 12, 'NO', 'NO', NULL),
(317, 69, 250, 2, 'NO', 'NO', NULL),
(318, 69, 433, 3, 'NO', 'NO', NULL),
(319, 69, 58, 6, 'NO', 'NO', NULL),
(320, 69, 32, 3, 'NO', 'NO', NULL),
(321, 69, 5, 3, 'NO', 'NO', NULL),
(322, 56, 450, 6, 'NO', 'NO', NULL),
(323, 151, 542, 1, 'NO', 'NO', NULL),
(324, 151, 132, 4, 'NO', 'NO', NULL),
(325, 151, 138, 7, 'NO', 'NO', NULL),
(326, 151, 162, 2, 'NO', 'NO', NULL),
(327, 151, 153, 3, 'NO', 'NO', NULL),
(328, 152, 217, 3, 'NO', 'NO', NULL),
(329, 152, 173, 3, 'NO', 'NO', NULL),
(330, 152, 96, 3, 'NO', 'NO', NULL),
(331, 152, 139, 3, 'NO', 'NO', NULL),
(332, 152, 187, 4, 'NO', 'NO', NULL),
(333, 152, 146, 5, 'NO', 'NO', NULL),
(334, 152, 194, 7, 'NO', 'NO', NULL),
(335, 152, 151, 7, 'NO', 'NO', NULL),
(336, 152, 164, 13, 'NO', 'NO', NULL),
(337, 135, 560, 6, 'NO', 'NO', NULL),
(338, 117, 560, 2, 'NO', 'NO', NULL),
(339, 135, 561, 6, 'NO', 'NO', NULL),
(340, 117, 561, 4, 'NO', 'NO', NULL),
(341, 88, 560, 5, 'NO', 'NO', NULL),
(342, 24, 171, 3, 'NO', 'NO', NULL),
(343, 24, 27, 12, 'NO', 'NO', NULL),
(344, 24, 253, 7, 'NO', 'NO', NULL),
(345, 24, 185, 8, 'NO', 'NO', NULL),
(346, 24, 197, 10, 'NO', 'NO', NULL),
(347, 24, 188, 7, 'NO', 'NO', NULL),
(348, 24, 119, 6, 'NO', 'NO', NULL),
(349, 21, 252, 3, 'NO', 'NO', NULL),
(350, 21, 57, 4, 'NO', 'NO', NULL),
(351, 21, 11, 4, 'NO', 'NO', NULL),
(352, 21, 610, 4, 'NO', 'NO', NULL),
(353, 21, 148, 5, 'NO', 'NO', NULL),
(354, 21, 158, 5, 'NO', 'NO', NULL),
(355, 21, 74, 7, 'NO', 'NO', NULL),
(356, 21, 47, 10, 'NO', 'NO', NULL),
(357, 21, 49, 7, 'NO', 'NO', NULL),
(358, 21, 40, 14, 'NO', 'NO', NULL),
(359, 21, 50, 8, 'NO', 'NO', NULL),
(360, 21, 60, 13, 'NO', 'NO', NULL),
(361, 21, 186, 10, 'NO', 'NO', NULL),
(362, 21, 191, 13, 'NO', 'NO', NULL),
(363, 21, 195, 9, 'NO', 'NO', NULL),
(364, 21, 190, 8, 'NO', 'NO', NULL),
(365, 21, 179, 7, 'NO', 'NO', NULL),
(366, 21, 174, 10, 'NO', 'NO', NULL),
(367, 21, 165, 14, 'NO', 'NO', NULL),
(368, 21, 169, 9, 'NO', 'NO', NULL),
(369, 21, 167, 8, 'NO', 'NO', NULL),
(370, 21, 161, 9, 'NO', 'NO', NULL),
(371, 21, 159, 6, 'NO', 'NO', NULL),
(372, 21, 160, 7, 'NO', 'NO', NULL),
(373, 21, 149, 7, 'NO', 'NO', NULL),
(374, 21, 152, 8, 'NO', 'NO', NULL),
(375, 21, 147, 7, 'NO', 'NO', NULL),
(376, 21, 143, 7, 'NO', 'NO', NULL),
(377, 21, 144, 6, 'NO', 'NO', NULL),
(378, 21, 136, 8, 'NO', 'NO', NULL),
(379, 21, 137, 7, 'NO', 'NO', NULL),
(380, 21, 134, 6, 'NO', 'NO', NULL),
(381, 21, 129, 8, 'NO', 'NO', NULL),
(382, 21, 125, 7, 'NO', 'NO', NULL),
(383, 21, 230, 8, 'NO', 'NO', NULL),
(384, 21, 116, 8, 'NO', 'NO', NULL),
(385, 21, 111, 7, 'NO', 'NO', NULL),
(386, 86, 298, 6, 'NO', 'NO', ''),
(387, 112, 252, 10, 'NO', 'NO', ''),
(388, 112, 12, 8, 'NO', 'NO', ''),
(389, 112, 259, 8, 'NO', 'NO', ''),
(390, 112, 264, 4, 'NO', 'NO', ''),
(391, 112, 262, 4, 'NO', 'NO', ''),
(392, 112, 261, 7, 'NO', 'NO', ''),
(393, 112, 265, 4, 'NO', 'NO', ''),
(394, 112, 268, 7, 'NO', 'NO', ''),
(395, 112, 270, 7, 'NO', 'NO', ''),
(396, 112, 769, 8, 'NO', 'NO', ''),
(397, 112, 275, 5, 'NO', 'NO', ''),
(398, 112, 489, 9, 'NO', 'NO', ''),
(399, 112, 463, 10, 'NO', 'NO', ''),
(400, 112, 451, 9, 'NO', 'NO', ''),
(401, 112, 19, 10, 'NO', 'NO', ''),
(402, 68, 107, 3, 'NO', 'NO', ''),
(403, 68, 106, 7, 'NO', 'NO', ''),
(404, 68, 243, 8, 'NO', 'NO', ''),
(405, 68, 698, 3, 'NO', 'NO', ''),
(406, 67, 387, 9, 'NO', 'NO', ''),
(407, 67, 107, 4, 'NO', 'NO', ''),
(408, 67, 297, 5, 'NO', 'NO', ''),
(409, 67, 295, 5, 'NO', 'NO', ''),
(410, 67, 241, 7, 'NO', 'NO', ''),
(411, 67, 747, 10, 'NO', 'NO', ''),
(412, 67, 748, 9, 'NO', 'NO', ''),
(413, 66, 297, 9, 'NO', 'NO', ''),
(414, 66, 295, 2, 'NO', 'NO', ''),
(415, 66, 290, 6, 'NO', 'NO', ''),
(416, 66, 287, 7, 'NO', 'NO', ''),
(417, 66, 440, 4, 'NO', 'NO', ''),
(418, 66, 441, 12, 'NO', 'NO', ''),
(419, 66, 747, 4, 'NO', 'NO', ''),
(420, 66, 748, 6, 'NO', 'NO', ''),
(421, 26, 792, 1, 'NO', 'NO', ''),
(422, 26, 610, 2, 'NO', 'NO', ''),
(423, 26, 148, 3, 'NO', 'NO', ''),
(424, 26, 779, 4, 'NO', 'NO', ''),
(425, 26, 769, 4, 'NO', 'NO', ''),
(426, 26, 789, 4, 'NO', 'NO', ''),
(427, 26, 791, 4, 'NO', 'NO', ''),
(428, 26, 762, 5, 'NO', 'NO', ''),
(429, 26, 167, 5, 'NO', 'NO', ''),
(430, 26, 764, 6, 'NO', 'NO', ''),
(431, 26, 761, 6, 'NO', 'NO', ''),
(432, 26, 763, 6, 'NO', 'NO', ''),
(433, 26, 772, 7, 'NO', 'NO', ''),
(434, 26, 770, 8, 'NO', 'NO', ''),
(435, 26, 780, 6, 'NO', 'NO', ''),
(436, 26, 773, 6, 'NO', 'NO', ''),
(437, 26, 771, 10, 'NO', 'NO', ''),
(438, 26, 786, 8, 'NO', 'NO', ''),
(439, 26, 785, 11, 'NO', 'NO', ''),
(440, 26, 784, 8, 'NO', 'NO', ''),
(441, 26, 777, 6, 'NO', 'NO', ''),
(442, 26, 778, 8, 'NO', 'NO', ''),
(443, 26, 586, 7, 'NO', 'NO', ''),
(444, 26, 787, 7, 'NO', 'NO', ''),
(445, 26, 788, 10, 'NO', 'NO', ''),
(446, 20, 777, 4, 'NO', 'NO', ''),
(447, 20, 773, 4, 'NO', 'NO', ''),
(448, 20, 36, 4, 'NO', 'NO', ''),
(449, 20, 786, 5, 'NO', 'NO', ''),
(450, 20, 785, 5, 'NO', 'NO', ''),
(451, 20, 771, 5, 'NO', 'NO', ''),
(452, 20, 761, 5, 'NO', 'NO', ''),
(453, 20, 778, 5, 'NO', 'NO', ''),
(454, 20, 768, 5, 'NO', 'NO', ''),
(455, 20, 784, 7, 'NO', 'NO', ''),
(456, 20, 790, 7, 'NO', 'NO', ''),
(457, 20, 772, 6, 'NO', 'NO', ''),
(458, 3, 214, 1, 'NO', 'NO', ''),
(459, 3, 693, 2, 'NO', 'NO', ''),
(461, 3, 61, 3, 'NO', 'NO', ''),
(462, 3, 60, 4, 'NO', 'NO', ''),
(463, 3, 44, 6, 'NO', 'NO', ''),
(464, 3, 168, 4, 'NO', 'NO', ''),
(465, 3, 46, 4, 'NO', 'NO', ''),
(466, 3, 127, 4, 'NO', 'NO', ''),
(467, 3, 38, 4, 'NO', 'NO', ''),
(468, 3, 80, 5, 'NO', 'NO', ''),
(469, 3, 82, 5, 'NO', 'NO', ''),
(470, 3, 84, 5, 'NO', 'NO', ''),
(471, 3, 51, 5, 'NO', 'NO', ''),
(472, 3, 715, 10, 'NO', 'NO', ''),
(473, 3, 40, 8, 'NO', 'NO', ''),
(474, 3, 58, 9, 'NO', 'NO', ''),
(475, 3, 39, 8, 'NO', 'NO', ''),
(476, 3, 50, 9, 'NO', 'NO', ''),
(477, 3, 156, 8, 'NO', 'NO', ''),
(478, 3, 76, 6, 'NO', 'NO', ''),
(479, 3, 77, 8, 'NO', 'NO', ''),
(480, 3, 41, 6, 'NO', 'NO', ''),
(481, 3, 59, 8, 'NO', 'NO', ''),
(482, 3, 14, 7, 'NO', 'NO', ''),
(483, 3, 42, 8, 'NO', 'NO', ''),
(484, 3, 78, 11, 'NO', 'NO', ''),
(485, 3, 221, 8, 'NO', 'NO', ''),
(486, 3, 79, 14, 'NO', 'NO', ''),
(487, 3, 219, 7, 'NO', 'NO', ''),
(488, 3, 199, 9, 'NO', 'NO', ''),
(489, 3, 198, 8, 'NO', 'NO', ''),
(490, 3, 85, 4, 'NO', 'NO', ''),
(491, 3, 86, 9, 'NO', 'NO', ''),
(492, 3, 32, 11, 'NO', 'NO', ''),
(493, 3, 65, 9, 'NO', 'NO', ''),
(494, 3, 52, 6, 'NO', 'NO', ''),
(495, 3, 87, 8, 'NO', 'NO', ''),
(496, 3, 133, 6, 'NO', 'NO', ''),
(497, 3, 131, 6, 'NO', 'NO', ''),
(498, 3, 36, 6, 'NO', 'NO', ''),
(499, 3, 224, 13, 'NO', 'NO', ''),
(500, 3, 37, 7, 'NO', 'NO', ''),
(501, 3, 16, 11, 'NO', 'NO', ''),
(502, 3, 120, 7, 'NO', 'NO', ''),
(503, 3, 54, 6, 'NO', 'NO', ''),
(504, 1, 803, 2, 'NO', 'NO', ''),
(505, 151, 798, 10, 'NO', 'NO', ''),
(506, 2, 808, 1, 'YES', 'YES', '2:00.7'),
(507, 151, 809, 11, 'NO', 'NO', ''),
(508, 151, 747, 5, 'NO', 'NO', ''),
(509, 19, 808, 12, 'NO', 'NO', ''),
(510, 19, 807, 11, 'NO', 'NO', ''),
(511, 19, 806, 4, 'NO', 'NO', ''),
(512, 27, 213, 4, 'NO', 'NO', ''),
(513, 27, 255, 5, 'NO', 'NO', ''),
(514, 27, 257, 5, 'NO', 'NO', ''),
(515, 27, 218, 7, 'NO', 'NO', ''),
(516, 2, 811, 1, 'YES', 'NO', '1:36.1'),
(517, 1, 810, 2, 'NO', 'NO', ''),
(518, 24, 812, 6, 'NO', 'NO', ''),
(519, 27, 813, 6, 'NO', 'NO', ''),
(520, 19, 814, 2, 'NO', 'NO', ''),
(521, 29, 814, 4, 'NO', 'NO', ''),
(522, 1, 814, 6, 'NO', 'NO', ''),
(523, 24, 815, 4, 'NO', 'NO', ''),
(524, 151, 816, 11, 'NO', 'NO', ''),
(525, 19, 817, 4, 'NO', 'NO', ''),
(526, 1, 817, 5, 'NO', 'NO', ''),
(527, 29, 817, 10, 'NO', 'NO', ''),
(528, 151, 818, 8, 'NO', 'NO', ''),
(529, 19, 820, 14, 'NO', 'NO', ''),
(530, 151, 821, 12, 'NO', 'NO', ''),
(531, 29, 822, 12, 'NO', 'NO', ''),
(532, 29, 823, 8, 'NO', 'NO', ''),
(533, 19, 825, 3, 'NO', 'NO', ''),
(534, 19, 826, 8, 'NO', 'NO', ''),
(535, 19, 827, 4, 'NO', 'NO', ''),
(536, 2, 828, 6, 'NO', 'NO', ''),
(537, 1, 828, 8, 'NO', 'NO', ''),
(538, 1, 829, 2, 'NO', 'NO', ''),
(539, 2, 829, 5, 'NO', 'NO', ''),
(540, 2, 824, 6, 'NO', 'NO', ''),
(541, 1, 824, 9, 'NO', 'NO', ''),
(542, 151, 830, 6, 'NO', 'NO', ''),
(543, 24, 830, 7, 'NO', 'NO', ''),
(544, 19, 831, 3, 'NO', 'NO', ''),
(545, 29, 831, 7, 'NO', 'NO', ''),
(546, 29, 832, 9, 'NO', 'NO', ''),
(547, 19, 832, 6, 'NO', 'NO', ''),
(548, 157, 81, 14, 'NO', 'NO', ''),
(549, 157, 283, 7, 'NO', 'NO', ''),
(550, 77, 833, 12, 'NO', 'NO', ''),
(551, 242, 833, 7, 'NO', 'NO', ''),
(552, 242, 260, 5, 'NO', 'NO', ''),
(553, 242, 263, 3, 'NO', 'NO', ''),
(554, 242, 267, 10, 'NO', 'NO', ''),
(555, 242, 266, 6, 'NO', 'NO', ''),
(556, 242, 269, 10, 'NO', 'NO', ''),
(557, 242, 515, 8, 'NO', 'NO', ''),
(558, 242, 274, 10, 'NO', 'NO', ''),
(559, 242, 271, 5, 'NO', 'NO', ''),
(560, 242, 258, 7, 'NO', 'NO', ''),
(561, 242, 488, 10, 'NO', 'NO', ''),
(562, 242, 824, 12, 'NO', 'NO', ''),
(563, 242, 828, 12, 'NO', 'NO', ''),
(564, 230, 834, 5, 'NO', 'NO', ''),
(565, 112, 834, 3, 'NO', 'NO', ''),
(566, 113, 835, 9, 'NO', 'NO', ''),
(567, 112, 835, 3, 'NO', 'NO', ''),
(568, 110, 835, 8, 'NO', 'NO', ''),
(569, 110, 277, 3, 'YES', 'NO', ''),
(570, 77, 836, 11, 'NO', 'NO', ''),
(571, 90, 836, 1, 'YES', 'NO', ''),
(572, 89, 836, 10, 'NO', 'NO', ''),
(573, 241, 698, 11, 'NO', 'NO', ''),
(574, 241, 748, 7, 'NO', 'NO', ''),
(575, 112, 843, 5, 'NO', 'NO', ''),
(576, 112, 841, 3, 'NO', 'NO', ''),
(577, 112, 842, 4, 'NO', 'NO', ''),
(578, 113, 843, 2, 'YES', 'NO', ''),
(579, 80, 840, 2, 'YES', 'NO', ''),
(580, 198, 845, 2, 'YES', 'NO', ''),
(581, 113, 838, 3, 'NO', 'NO', ''),
(582, 88, 844, 3, 'NO', 'NO', ''),
(583, 230, 844, 1, 'NO', 'NO', '1:44.1'),
(584, 113, 846, 3, 'YES', 'NO', ''),
(585, 110, 846, 6, 'NO', 'NO', '');

-- --------------------------------------------------------

--
-- Table structure for table `users`
--

DROP TABLE IF EXISTS `users`;
CREATE TABLE IF NOT EXISTS `users` (
  `id` int(100) unsigned NOT NULL AUTO_INCREMENT,
  `email` varchar(255) NOT NULL,
  `name` varchar(255) NOT NULL,
  `isAdmin` int(1) DEFAULT '0',
  `isJockeyClub` int(1) DEFAULT '0',
  `isOwner` int(1) DEFAULT '0',
  `password` varchar(255) NOT NULL,
  `remember_token` varchar(100) DEFAULT NULL,
  `created_at` timestamp NOT NULL DEFAULT CURRENT_TIMESTAMP ON UPDATE CURRENT_TIMESTAMP,
  `updated_at` timestamp NOT NULL DEFAULT '0000-00-00 00:00:00',
  PRIMARY KEY (`id`),
  UNIQUE KEY `email` (`email`),
  UNIQUE KEY `name` (`name`)
) ENGINE=InnoDB  DEFAULT CHARSET=latin1 AUTO_INCREMENT=23 ;

--
-- Truncate table before insert `users`
--

TRUNCATE TABLE `users`;
--
-- Dumping data for table `users`
--

INSERT INTO `users` VALUES
(6, 'idirae@gmail.com', 'idirae', 1, 1, 1, '$2y$10$2jh54chGJ9MTBNo5PSkngukduXqw8V7kbn6tI2Nl7x.Qtygvs1Opi', 'ChOcSde0fhVjjWL2nhpGCBt5t42kVLZWBZOAmwu2aRUAo2s2dXld5J23zSTA', '2016-05-12 01:05:09', '2016-05-12 05:05:09'),
(8, 'demo@demo.com', 'DemoUser', 0, 0, 0, '$2y$10$4TaacFv4qQGVcn9rzCRNheYwsKoaaE0jcOQ2grqSCWG3nYWXLNoHa', 'uBf81syZecUnx55GdbBQkElDxT5MQCI3JILwXZwjgCQMGBwvIPWzaM4kThMt', '2016-04-13 05:28:24', '2016-04-15 05:59:20'),
(9, 'melaljay@yahoo.com', 'Jez', 0, 0, 1, '$2y$10$YFUIJDvYFo9Ezu8Nsz66VOj6rp77ZZiO1gI97ccunbA8a3u5tQQYm', 'Q9hO0iGGzpIiSPUCAY3KjrfiAlhuuhbt6etEQMHVwZDhsitPCkQhw2Xiw3bJ', '2016-04-13 07:19:39', '2016-04-13 10:14:48'),
(10, 'necoville@gmail.com', 'Neco', 0, 1, 1, '$2y$10$d9rPCUdoc..ufIgltOZjj.YOKK4W2GHFn.T3eeULKvVujtm81UsGG', '8CHedaVq6yQiWZioxnilUerUi6hmmBVxZUn6pRD0D6XWRhpRAS715wFyI9hy', '2016-05-12 13:21:04', '2016-04-20 02:42:27'),
(11, 'copperhorse@live.ca', 'angora', 0, 1, 1, '$2y$10$2ShMFMnbVTh9CTDV2Tl/2esB17xeAhMUHMn7DLb86FJI0QVI8shky', 'GasbdXQHYVHuPs4VLPtCHKN3ZGRKVfBFI7k4uzdlt88YDNXslNQArDPsJvXq', '2016-05-12 13:21:07', '2016-04-22 05:12:11'),
(12, 'daveenapetz@aol.com', 'Daveena', 0, 1, 1, '$2y$10$4uyTqVgqDL/25e4q3i29.ulbiHMqJxc8aa3Eh05h2BTpTLZ5vuCce', '6J9LzjBeDdbqYlL6xq8R8FnedCeaWK7rnHVtz963Jzf7PBmnGZDA29BHXNjG', '2016-05-12 13:21:11', '2016-04-16 21:11:03'),
(13, 'jewellzc@yahoo.com', 'Jewellz', 0, 1, 1, '$2y$10$kBAjc0cuEy9i9tZIQhUXp.HfdtpXRWvkx6qNdJSpXUwI.u/F5yLbu', '7w65VM1e7EaOoMRnox6CnJqQX4f4h5Yx3brcMtswiaxbFrXtzUi4FLJSSq7u', '2016-05-12 13:21:13', '2016-04-24 13:15:58'),
(14, 'leah.mhb@gmail.com', 'Haubing', 0, 1, 1, '$2y$10$kq8EPiEStwSAqdMVCL1Mc.H77gWluXts61xFF9P7/tXTT/LKrT0S2', 'Ig6DGJUWlC5WpNE0iqCTZf3vkYFvEjzbG8OJlDAgHtFr12Jf6QyCa9bpzm6Y', '2016-05-12 13:21:16', '2016-05-12 05:13:26'),
(15, 'dryl1@wp.pl', 'Aragorn', 0, 0, 1, '$2y$10$b5jtgwx5EplT2BTCYip/zupJAA3vn.q1dcVS67Qtqyb37M/VtOPMe', 'GBU3JFdE9Nytw1QPxD3SYArRxbw5tMQfUB0255b19HYFaYZCsHL5Jkkj3RAh', '2016-04-21 14:48:51', '2016-04-21 18:48:51'),
(16, 'Ryder_243@yahoo.com', 'Ryder', 0, 0, 1, '$2y$10$Nq4UjkYsyrVpsKwqg1pET.73OKroKae3DeyHIEb30qsF/T9rwnifC', 'CLiSEPkoZ1HQmUWW0SKM4OxSEnDVwJx5Iv5O1TWZjgRvjqUNslTwzYmWrZKD', '2016-04-22 06:17:20', '2016-04-22 10:17:20'),
(17, 'elbeess96@gmail.com', 'Elbeess', 0, 0, 1, '$2y$10$PlMsJCQtMij6icSAGGoaI.CPij/q9wKBwgOJDhkxVYmWPy5WZb5BK', '5042rwOGgY7XH0NpCTmtA4TSPUXhGxKRAobUj9wi2MsMiYkmUnt9m8Wci6ix', '2016-04-21 14:12:25', '2016-04-21 10:36:02'),
(19, 'akmu_me@hotmail.com', 'Akmu', 0, 0, 1, '$2y$10$wtckhT66XteNNywloU3v..OzBNFno21H7CHfRCAIef.e0O.sWMImq', 'ij127U6pTuRGSOk6dUb4kr3bctLphAWXkVl2wD5krhUOFFldMIrtee0rRT0r', '2016-05-09 20:16:03', '2016-05-10 00:16:03'),
(20, 'dragonflyvalleystud@gmail.com', 'Taylor', 0, 0, 0, '$2y$10$SGBDYcKYJolAZB6I8j7IW.zgXBOIb/G5.qUeF56tfZb5wNfCjVvSG', NULL, '2016-05-09 14:33:13', '2016-05-09 14:33:13'),
(21, 'katann77573@yahoo.com', 'katann', 0, 1, 1, '$2y$10$obtEsTR8ciUc3gRFpawPXe4tSmLtwVAFxIBWQvJSru3jA65zGLB5y', '23mvBTYk9zcvtenfrh5vezraPDNfdCCGAJhD4RV6g15LXI9kxPvpBCiR9yt9', '2016-05-12 18:36:30', '2016-05-12 18:09:27'),
(22, 'bettertalknow@hotmail.com', 'Anomaly', 0, 1, 1, '$2y$10$DSAWlAfwqN7oOwLp8XOUBeV7E8H2S/c26kWxLp/KVqf3.vFE8FT9O', NULL, '2016-05-19 02:13:45', '2016-05-19 06:13:45');

--
-- Constraints for dumped tables
--

--
-- Constraints for table `horses`
--
ALTER TABLE `horses`
  ADD CONSTRAINT `horses_ibfk_1` FOREIGN KEY (`sex`) REFERENCES `domain_values` (`id`),
  ADD CONSTRAINT `horses_ibfk_10` FOREIGN KEY (`surface_dirt`) REFERENCES `domain_values` (`id`) ON DELETE SET NULL ON UPDATE SET NULL,
  ADD CONSTRAINT `horses_ibfk_11` FOREIGN KEY (`surface_turf`) REFERENCES `domain_values` (`id`) ON DELETE SET NULL ON UPDATE SET NULL,
  ADD CONSTRAINT `horses_ibfk_12` FOREIGN KEY (`bandages`) REFERENCES `domain_values` (`id`) ON DELETE SET NULL ON UPDATE SET NULL,
  ADD CONSTRAINT `horses_ibfk_13` FOREIGN KEY (`neck_height`) REFERENCES `domain_values` (`id`) ON DELETE SET NULL ON UPDATE SET NULL,
  ADD CONSTRAINT `horses_ibfk_14` FOREIGN KEY (`run_style`) REFERENCES `domain_values` (`id`) ON DELETE SET NULL ON UPDATE SET NULL,
  ADD CONSTRAINT `horses_ibfk_15` FOREIGN KEY (`hood`) REFERENCES `domain_values` (`id`) ON DELETE SET NULL ON UPDATE SET NULL,
  ADD CONSTRAINT `horses_ibfk_16` FOREIGN KEY (`shadow_roll`) REFERENCES `domain_values` (`id`) ON DELETE SET NULL ON UPDATE SET NULL,
  ADD CONSTRAINT `horses_ibfk_17` FOREIGN KEY (`breeding_status`) REFERENCES `domain_values` (`id`) ON DELETE SET NULL ON UPDATE SET NULL,
  ADD CONSTRAINT `horses_ibfk_2` FOREIGN KEY (`grade`) REFERENCES `domain_values` (`id`) ON DELETE SET NULL ON UPDATE SET NULL,
  ADD CONSTRAINT `horses_ibfk_3` FOREIGN KEY (`leg_type`) REFERENCES `domain_values` (`id`) ON DELETE SET NULL ON UPDATE SET NULL,
  ADD CONSTRAINT `horses_ibfk_4` FOREIGN KEY (`owner`) REFERENCES `person` (`id`) ON DELETE NO ACTION ON UPDATE NO ACTION,
  ADD CONSTRAINT `horses_ibfk_5` FOREIGN KEY (`breeder`) REFERENCES `person` (`id`) ON DELETE SET NULL ON UPDATE SET NULL,
  ADD CONSTRAINT `horses_ibfk_6` FOREIGN KEY (`hexer`) REFERENCES `person` (`id`) ON DELETE SET NULL ON UPDATE SET NULL,
  ADD CONSTRAINT `horses_ibfk_7` FOREIGN KEY (`pos_ability_1`) REFERENCES `abilities` (`id`) ON DELETE SET NULL ON UPDATE SET NULL,
  ADD CONSTRAINT `horses_ibfk_8` FOREIGN KEY (`pos_ability_2`) REFERENCES `abilities` (`id`) ON DELETE SET NULL ON UPDATE SET NULL,
  ADD CONSTRAINT `horses_ibfk_9` FOREIGN KEY (`neg_ability_1`) REFERENCES `abilities` (`id`) ON DELETE SET NULL ON UPDATE SET NULL;

--
-- Constraints for table `lineages`
--
ALTER TABLE `lineages`
  ADD CONSTRAINT `lineages_ibfk_1` FOREIGN KEY (`horse_id`) REFERENCES `horses` (`id`),
  ADD CONSTRAINT `lineages_ibfk_2` FOREIGN KEY (`sire_id`) REFERENCES `horses` (`id`),
  ADD CONSTRAINT `lineages_ibfk_3` FOREIGN KEY (`dam_id`) REFERENCES `horses` (`id`);

--
-- Constraints for table `person`
--
ALTER TABLE `person`
  ADD CONSTRAINT `person_ibfk_1` FOREIGN KEY (`user_id`) REFERENCES `users` (`id`) ON DELETE SET NULL ON UPDATE SET NULL;

--
-- Constraints for table `races`
--
ALTER TABLE `races`
  ADD CONSTRAINT `races_ibfk_1` FOREIGN KEY (`grade`) REFERENCES `domain_values` (`id`),
  ADD CONSTRAINT `races_ibfk_2` FOREIGN KEY (`surface`) REFERENCES `domain_values` (`id`),
  ADD CONSTRAINT `races_ibfk_3` FOREIGN KEY (`series`) REFERENCES `domain_values` (`id`);

--
-- Constraints for table `race_entries`
--
ALTER TABLE `race_entries`
  ADD CONSTRAINT `race_entries_ibfk_1` FOREIGN KEY (`horse_id`) REFERENCES `horses` (`id`),
  ADD CONSTRAINT `race_entries_ibfk_2` FOREIGN KEY (`race_id`) REFERENCES `races` (`id`);

/*!40101 SET CHARACTER_SET_CLIENT=@OLD_CHARACTER_SET_CLIENT */;
/*!40101 SET CHARACTER_SET_RESULTS=@OLD_CHARACTER_SET_RESULTS */;
/*!40101 SET COLLATION_CONNECTION=@OLD_COLLATION_CONNECTION */;
